rok,pohlavi,vek_kod,vek_nazev,okres_lau_kod,okres_nazev,kraj_nuts_kod,kraj_nazev,pocet_vysetrenych,pocet_abnormalnich
2010,Z,66025059,25–59 let,CZ0100,Praha,CZ010,Hlavní město Praha,156195,5700
2010,Z,66025059,25–59 let,CZ0201,Benešov,CZ020,Středočeský kraj,12960,560
2010,Z,66025059,25–59 let,CZ0202,Beroun,CZ020,Středočeský kraj,11909,524
2010,Z,66025059,25–59 let,CZ0203,Kladno,CZ020,Středočeský kraj,22581,974
2010,Z,66025059,25–59 let,CZ0204,Kolín,CZ020,Středočeský kraj,12885,532
2010,Z,66025059,25–59 let,CZ0205,Kutná Hora,CZ020,Středočeský kraj,10114,308
2010,Z,66025059,25–59 let,CZ0206,Mělník,CZ020,Středočeský kraj,13990,496
2010,Z,66025059,25–59 let,CZ0207,Mladá Boleslav,CZ020,Středočeský kraj,19273,986
2010,Z,66025059,25–59 let,CZ0208,Nymburk,CZ020,Středočeský kraj,12822,500
2010,Z,66025059,25–59 let,CZ0209,Praha-východ,CZ020,Středočeský kraj,22354,835
2010,Z,66025059,25–59 let,CZ020A,Praha-západ,CZ020,Středočeský kraj,18737,756
2010,Z,66025059,25–59 let,CZ020B,Příbram,CZ020,Středočeský kraj,15981,899
2010,Z,66025059,25–59 let,CZ020C,Rakovník,CZ020,Středočeský kraj,7948,299
2010,Z,66025059,25–59 let,CZ0311,České Budějovice,CZ031,Jihočeský kraj,28403,1270
2010,Z,66025059,25–59 let,CZ0312,Český Krumlov,CZ031,Jihočeský kraj,8829,254
2010,Z,66025059,25–59 let,CZ0313,Jindřichův Hradec,CZ031,Jihočeský kraj,13663,212
2010,Z,66025059,25–59 let,CZ0314,Písek,CZ031,Jihočeský kraj,9474,263
2010,Z,66025059,25–59 let,CZ0315,Prachatice,CZ031,Jihočeský kraj,6534,282
2010,Z,66025059,25–59 let,CZ0316,Strakonice,CZ031,Jihočeský kraj,9268,430
2010,Z,66025059,25–59 let,CZ0317,Tábor,CZ031,Jihočeský kraj,16329,962
2010,Z,66025059,25–59 let,CZ0321,Domažlice,CZ032,Plzeňský kraj,8478,341
2010,Z,66025059,25–59 let,CZ0322,Klatovy,CZ032,Plzeňský kraj,10929,431
2010,Z,66025059,25–59 let,CZ0323,Plzeň-město,CZ032,Plzeňský kraj,24238,1126
2010,Z,66025059,25–59 let,CZ0324,Plzeň-jih,CZ032,Plzeňský kraj,8018,307
2010,Z,66025059,25–59 let,CZ0325,Plzeň-sever,CZ032,Plzeňský kraj,10773,436
2010,Z,66025059,25–59 let,CZ0326,Rokycany,CZ032,Plzeňský kraj,6093,204
2010,Z,66025059,25–59 let,CZ0327,Tachov,CZ032,Plzeňský kraj,7451,334
2010,Z,66025059,25–59 let,CZ0411,Cheb,CZ041,Karlovarský kraj,11209,638
2010,Z,66025059,25–59 let,CZ0412,Karlovy Vary,CZ041,Karlovarský kraj,14112,378
2010,Z,66025059,25–59 let,CZ0413,Sokolov,CZ041,Karlovarský kraj,11968,492
2010,Z,66025059,25–59 let,CZ0421,Děčín,CZ042,Ústecký kraj,15085,578
2010,Z,66025059,25–59 let,CZ0422,Chomutov,CZ042,Ústecký kraj,16229,625
2010,Z,66025059,25–59 let,CZ0423,Litoměřice,CZ042,Ústecký kraj,16214,513
2010,Z,66025059,25–59 let,CZ0424,Louny,CZ042,Ústecký kraj,10253,268
2010,Z,66025059,25–59 let,CZ0425,Most,CZ042,Ústecký kraj,14680,822
2010,Z,66025059,25–59 let,CZ0426,Teplice,CZ042,Ústecký kraj,14056,709
2010,Z,66025059,25–59 let,CZ0427,Ústí nad Labem,CZ042,Ústecký kraj,14875,360
2010,Z,66025059,25–59 let,CZ0511,Česká Lípa,CZ051,Liberecký kraj,13205,717
2010,Z,66025059,25–59 let,CZ0512,Jablonec nad Nisou,CZ051,Liberecký kraj,12636,644
2010,Z,66025059,25–59 let,CZ0513,Liberec,CZ051,Liberecký kraj,21411,891
2010,Z,66025059,25–59 let,CZ0514,Semily,CZ051,Liberecký kraj,10211,750
2010,Z,66025059,25–59 let,CZ0521,Hradec Králové,CZ052,Královéhradecký kraj,22793,840
2010,Z,66025059,25–59 let,CZ0522,Jičín,CZ052,Královéhradecký kraj,11098,466
2010,Z,66025059,25–59 let,CZ0523,Náchod,CZ052,Královéhradecký kraj,16032,499
2010,Z,66025059,25–59 let,CZ0524,Rychnov nad Kněžnou,CZ052,Královéhradecký kraj,11082,349
2010,Z,66025059,25–59 let,CZ0525,Trutnov,CZ052,Královéhradecký kraj,15417,692
2010,Z,66025059,25–59 let,CZ0531,Chrudim,CZ053,Pardubický kraj,15468,477
2010,Z,66025059,25–59 let,CZ0532,Pardubice,CZ053,Pardubický kraj,24124,807
2010,Z,66025059,25–59 let,CZ0533,Svitavy,CZ053,Pardubický kraj,13570,627
2010,Z,66025059,25–59 let,CZ0534,Ústí nad Orlicí,CZ053,Pardubický kraj,19303,711
2010,Z,66025059,25–59 let,CZ0631,Havlíčkův Brod,CZ063,Vysočina,12528,338
2010,Z,66025059,25–59 let,CZ0632,Jihlava,CZ063,Vysočina,15072,669
2010,Z,66025059,25–59 let,CZ0633,Pelhřimov,CZ063,Vysočina,9801,175
2010,Z,66025059,25–59 let,CZ0634,Třebíč,CZ063,Vysočina,15098,571
2010,Z,66025059,25–59 let,CZ0635,Žďár nad Sázavou,CZ063,Vysočina,15803,531
2010,Z,66025059,25–59 let,CZ0641,Blansko,CZ064,Jihomoravský kraj,13373,701
2010,Z,66025059,25–59 let,CZ0642,Brno-město,CZ064,Jihomoravský kraj,50327,4136
2010,Z,66025059,25–59 let,CZ0643,Brno-venkov,CZ064,Jihomoravský kraj,29157,2288
2010,Z,66025059,25–59 let,CZ0644,Břeclav,CZ064,Jihomoravský kraj,15806,776
2010,Z,66025059,25–59 let,CZ0645,Hodonín,CZ064,Jihomoravský kraj,16536,724
2010,Z,66025059,25–59 let,CZ0646,Vyškov,CZ064,Jihomoravský kraj,11369,677
2010,Z,66025059,25–59 let,CZ0647,Znojmo,CZ064,Jihomoravský kraj,14694,669
2010,Z,66025059,25–59 let,CZ0711,Jeseník,CZ071,Olomoucký kraj,3854,228
2010,Z,66025059,25–59 let,CZ0712,Olomouc,CZ071,Olomoucký kraj,33527,2078
2010,Z,66025059,25–59 let,CZ0713,Prostějov,CZ071,Olomoucký kraj,15158,694
2010,Z,66025059,25–59 let,CZ0714,Přerov,CZ071,Olomoucký kraj,16099,718
2010,Z,66025059,25–59 let,CZ0715,Šumperk,CZ071,Olomoucký kraj,16551,751
2010,Z,66025059,25–59 let,CZ0721,Kroměříž,CZ072,Zlínský kraj,13930,354
2010,Z,66025059,25–59 let,CZ0722,Uherské Hradiště,CZ072,Zlínský kraj,18607,361
2010,Z,66025059,25–59 let,CZ0723,Vsetín,CZ072,Zlínský kraj,17610,921
2010,Z,66025059,25–59 let,CZ0724,Zlín,CZ072,Zlínský kraj,24606,1012
2010,Z,66025059,25–59 let,CZ0801,Bruntál,CZ080,Moravskoslezský kraj,12545,899
2010,Z,66025059,25–59 let,CZ0802,Frýdek-Místek,CZ080,Moravskoslezský kraj,25621,1581
2010,Z,66025059,25–59 let,CZ0803,Karviná,CZ080,Moravskoslezský kraj,17973,1183
2010,Z,66025059,25–59 let,CZ0804,Nový Jičín,CZ080,Moravskoslezský kraj,18102,1087
2010,Z,66025059,25–59 let,CZ0805,Opava,CZ080,Moravskoslezský kraj,22545,2080
2010,Z,66025059,25–59 let,CZ0806,Ostrava-město,CZ080,Moravskoslezský kraj,35459,3107
2011,Z,66025059,25–59 let,CZ0100,Praha,CZ010,Hlavní město Praha,158178,6566
2011,Z,66025059,25–59 let,CZ0201,Benešov,CZ020,Středočeský kraj,13143,762
2011,Z,66025059,25–59 let,CZ0202,Beroun,CZ020,Středočeský kraj,12041,677
2011,Z,66025059,25–59 let,CZ0203,Kladno,CZ020,Středočeský kraj,21122,1071
2011,Z,66025059,25–59 let,CZ0204,Kolín,CZ020,Středočeský kraj,13018,704
2011,Z,66025059,25–59 let,CZ0205,Kutná Hora,CZ020,Středočeský kraj,10050,338
2011,Z,66025059,25–59 let,CZ0206,Mělník,CZ020,Středočeský kraj,14011,531
2011,Z,66025059,25–59 let,CZ0207,Mladá Boleslav,CZ020,Středočeský kraj,19586,887
2011,Z,66025059,25–59 let,CZ0208,Nymburk,CZ020,Středočeský kraj,12986,504
2011,Z,66025059,25–59 let,CZ0209,Praha-východ,CZ020,Středočeský kraj,22851,998
2011,Z,66025059,25–59 let,CZ020A,Praha-západ,CZ020,Středočeský kraj,19021,863
2011,Z,66025059,25–59 let,CZ020B,Příbram,CZ020,Středočeský kraj,16158,1188
2011,Z,66025059,25–59 let,CZ020C,Rakovník,CZ020,Středočeský kraj,7829,371
2011,Z,66025059,25–59 let,CZ0311,České Budějovice,CZ031,Jihočeský kraj,28025,1485
2011,Z,66025059,25–59 let,CZ0312,Český Krumlov,CZ031,Jihočeský kraj,8793,315
2011,Z,66025059,25–59 let,CZ0313,Jindřichův Hradec,CZ031,Jihočeský kraj,13522,285
2011,Z,66025059,25–59 let,CZ0314,Písek,CZ031,Jihočeský kraj,9478,316
2011,Z,66025059,25–59 let,CZ0315,Prachatice,CZ031,Jihočeský kraj,6713,387
2011,Z,66025059,25–59 let,CZ0316,Strakonice,CZ031,Jihočeský kraj,9233,435
2011,Z,66025059,25–59 let,CZ0317,Tábor,CZ031,Jihočeský kraj,15611,1042
2011,Z,66025059,25–59 let,CZ0321,Domažlice,CZ032,Plzeňský kraj,8783,348
2011,Z,66025059,25–59 let,CZ0322,Klatovy,CZ032,Plzeňský kraj,11213,502
2011,Z,66025059,25–59 let,CZ0323,Plzeň-město,CZ032,Plzeňský kraj,26229,1291
2011,Z,66025059,25–59 let,CZ0324,Plzeň-jih,CZ032,Plzeňský kraj,8574,371
2011,Z,66025059,25–59 let,CZ0325,Plzeň-sever,CZ032,Plzeňský kraj,11268,531
2011,Z,66025059,25–59 let,CZ0326,Rokycany,CZ032,Plzeňský kraj,6350,295
2011,Z,66025059,25–59 let,CZ0327,Tachov,CZ032,Plzeňský kraj,7649,347
2011,Z,66025059,25–59 let,CZ0411,Cheb,CZ041,Karlovarský kraj,11184,654
2011,Z,66025059,25–59 let,CZ0412,Karlovy Vary,CZ041,Karlovarský kraj,13923,538
2011,Z,66025059,25–59 let,CZ0413,Sokolov,CZ041,Karlovarský kraj,11888,727
2011,Z,66025059,25–59 let,CZ0421,Děčín,CZ042,Ústecký kraj,14548,654
2011,Z,66025059,25–59 let,CZ0422,Chomutov,CZ042,Ústecký kraj,16408,786
2011,Z,66025059,25–59 let,CZ0423,Litoměřice,CZ042,Ústecký kraj,16277,540
2011,Z,66025059,25–59 let,CZ0424,Louny,CZ042,Ústecký kraj,10583,311
2011,Z,66025059,25–59 let,CZ0425,Most,CZ042,Ústecký kraj,14152,792
2011,Z,66025059,25–59 let,CZ0426,Teplice,CZ042,Ústecký kraj,14305,767
2011,Z,66025059,25–59 let,CZ0427,Ústí nad Labem,CZ042,Ústecký kraj,15180,331
2011,Z,66025059,25–59 let,CZ0511,Česká Lípa,CZ051,Liberecký kraj,13163,615
2011,Z,66025059,25–59 let,CZ0512,Jablonec nad Nisou,CZ051,Liberecký kraj,12373,567
2011,Z,66025059,25–59 let,CZ0513,Liberec,CZ051,Liberecký kraj,22356,861
2011,Z,66025059,25–59 let,CZ0514,Semily,CZ051,Liberecký kraj,10127,504
2011,Z,66025059,25–59 let,CZ0521,Hradec Králové,CZ052,Královéhradecký kraj,22373,842
2011,Z,66025059,25–59 let,CZ0522,Jičín,CZ052,Královéhradecký kraj,10887,531
2011,Z,66025059,25–59 let,CZ0523,Náchod,CZ052,Královéhradecký kraj,15838,623
2011,Z,66025059,25–59 let,CZ0524,Rychnov nad Kněžnou,CZ052,Královéhradecký kraj,10947,424
2011,Z,66025059,25–59 let,CZ0525,Trutnov,CZ052,Královéhradecký kraj,15128,741
2011,Z,66025059,25–59 let,CZ0531,Chrudim,CZ053,Pardubický kraj,15436,556
2011,Z,66025059,25–59 let,CZ0532,Pardubice,CZ053,Pardubický kraj,24528,1152
2011,Z,66025059,25–59 let,CZ0533,Svitavy,CZ053,Pardubický kraj,13851,589
2011,Z,66025059,25–59 let,CZ0534,Ústí nad Orlicí,CZ053,Pardubický kraj,19179,784
2011,Z,66025059,25–59 let,CZ0631,Havlíčkův Brod,CZ063,Vysočina,13219,463
2011,Z,66025059,25–59 let,CZ0632,Jihlava,CZ063,Vysočina,15277,676
2011,Z,66025059,25–59 let,CZ0633,Pelhřimov,CZ063,Vysočina,9647,218
2011,Z,66025059,25–59 let,CZ0634,Třebíč,CZ063,Vysočina,15694,625
2011,Z,66025059,25–59 let,CZ0635,Žďár nad Sázavou,CZ063,Vysočina,14522,553
2011,Z,66025059,25–59 let,CZ0641,Blansko,CZ064,Jihomoravský kraj,13399,679
2011,Z,66025059,25–59 let,CZ0642,Brno-město,CZ064,Jihomoravský kraj,50140,3429
2011,Z,66025059,25–59 let,CZ0643,Brno-venkov,CZ064,Jihomoravský kraj,29207,1800
2011,Z,66025059,25–59 let,CZ0644,Břeclav,CZ064,Jihomoravský kraj,16181,769
2011,Z,66025059,25–59 let,CZ0645,Hodonín,CZ064,Jihomoravský kraj,16265,615
2011,Z,66025059,25–59 let,CZ0646,Vyškov,CZ064,Jihomoravský kraj,11756,761
2011,Z,66025059,25–59 let,CZ0647,Znojmo,CZ064,Jihomoravský kraj,14494,656
2011,Z,66025059,25–59 let,CZ0711,Jeseník,CZ071,Olomoucký kraj,3762,156
2011,Z,66025059,25–59 let,CZ0712,Olomouc,CZ071,Olomoucký kraj,33578,1884
2011,Z,66025059,25–59 let,CZ0713,Prostějov,CZ071,Olomoucký kraj,15232,794
2011,Z,66025059,25–59 let,CZ0714,Přerov,CZ071,Olomoucký kraj,16007,665
2011,Z,66025059,25–59 let,CZ0715,Šumperk,CZ071,Olomoucký kraj,16659,606
2011,Z,66025059,25–59 let,CZ0721,Kroměříž,CZ072,Zlínský kraj,13628,408
2011,Z,66025059,25–59 let,CZ0722,Uherské Hradiště,CZ072,Zlínský kraj,18925,352
2011,Z,66025059,25–59 let,CZ0723,Vsetín,CZ072,Zlínský kraj,17152,822
2011,Z,66025059,25–59 let,CZ0724,Zlín,CZ072,Zlínský kraj,24926,784
2011,Z,66025059,25–59 let,CZ0801,Bruntál,CZ080,Moravskoslezský kraj,12447,702
2011,Z,66025059,25–59 let,CZ0802,Frýdek-Místek,CZ080,Moravskoslezský kraj,25879,1640
2011,Z,66025059,25–59 let,CZ0803,Karviná,CZ080,Moravskoslezský kraj,19766,1701
2011,Z,66025059,25–59 let,CZ0804,Nový Jičín,CZ080,Moravskoslezský kraj,18051,1197
2011,Z,66025059,25–59 let,CZ0805,Opava,CZ080,Moravskoslezský kraj,22527,1654
2011,Z,66025059,25–59 let,CZ0806,Ostrava-město,CZ080,Moravskoslezský kraj,35761,3030
2012,Z,66025059,25–59 let,CZ0100,Praha,CZ010,Hlavní město Praha,161413,6330
2012,Z,66025059,25–59 let,CZ0201,Benešov,CZ020,Středočeský kraj,13188,849
2012,Z,66025059,25–59 let,CZ0202,Beroun,CZ020,Středočeský kraj,12133,554
2012,Z,66025059,25–59 let,CZ0203,Kladno,CZ020,Středočeský kraj,21354,820
2012,Z,66025059,25–59 let,CZ0204,Kolín,CZ020,Středočeský kraj,12893,522
2012,Z,66025059,25–59 let,CZ0205,Kutná Hora,CZ020,Středočeský kraj,9558,301
2012,Z,66025059,25–59 let,CZ0206,Mělník,CZ020,Středočeský kraj,14057,511
2012,Z,66025059,25–59 let,CZ0207,Mladá Boleslav,CZ020,Středočeský kraj,19342,871
2012,Z,66025059,25–59 let,CZ0208,Nymburk,CZ020,Středočeský kraj,12796,424
2012,Z,66025059,25–59 let,CZ0209,Praha-východ,CZ020,Středočeský kraj,23447,976
2012,Z,66025059,25–59 let,CZ020A,Praha-západ,CZ020,Středočeský kraj,19278,731
2012,Z,66025059,25–59 let,CZ020B,Příbram,CZ020,Středočeský kraj,15789,1129
2012,Z,66025059,25–59 let,CZ020C,Rakovník,CZ020,Středočeský kraj,7807,404
2012,Z,66025059,25–59 let,CZ0311,České Budějovice,CZ031,Jihočeský kraj,28248,1560
2012,Z,66025059,25–59 let,CZ0312,Český Krumlov,CZ031,Jihočeský kraj,8840,345
2012,Z,66025059,25–59 let,CZ0313,Jindřichův Hradec,CZ031,Jihočeský kraj,13418,321
2012,Z,66025059,25–59 let,CZ0314,Písek,CZ031,Jihočeský kraj,9157,249
2012,Z,66025059,25–59 let,CZ0315,Prachatice,CZ031,Jihočeský kraj,6521,268
2012,Z,66025059,25–59 let,CZ0316,Strakonice,CZ031,Jihočeský kraj,9028,351
2012,Z,66025059,25–59 let,CZ0317,Tábor,CZ031,Jihočeský kraj,15410,908
2012,Z,66025059,25–59 let,CZ0321,Domažlice,CZ032,Plzeňský kraj,8683,316
2012,Z,66025059,25–59 let,CZ0322,Klatovy,CZ032,Plzeňský kraj,10985,414
2012,Z,66025059,25–59 let,CZ0323,Plzeň-město,CZ032,Plzeňský kraj,26465,1075
2012,Z,66025059,25–59 let,CZ0324,Plzeň-jih,CZ032,Plzeňský kraj,8692,302
2012,Z,66025059,25–59 let,CZ0325,Plzeň-sever,CZ032,Plzeňský kraj,11288,459
2012,Z,66025059,25–59 let,CZ0326,Rokycany,CZ032,Plzeňský kraj,6353,228
2012,Z,66025059,25–59 let,CZ0327,Tachov,CZ032,Plzeňský kraj,7345,332
2012,Z,66025059,25–59 let,CZ0411,Cheb,CZ041,Karlovarský kraj,11113,597
2012,Z,66025059,25–59 let,CZ0412,Karlovy Vary,CZ041,Karlovarský kraj,13518,926
2012,Z,66025059,25–59 let,CZ0413,Sokolov,CZ041,Karlovarský kraj,11554,770
2012,Z,66025059,25–59 let,CZ0421,Děčín,CZ042,Ústecký kraj,15453,808
2012,Z,66025059,25–59 let,CZ0422,Chomutov,CZ042,Ústecký kraj,16669,912
2012,Z,66025059,25–59 let,CZ0423,Litoměřice,CZ042,Ústecký kraj,16402,473
2012,Z,66025059,25–59 let,CZ0424,Louny,CZ042,Ústecký kraj,10440,323
2012,Z,66025059,25–59 let,CZ0425,Most,CZ042,Ústecký kraj,14068,894
2012,Z,66025059,25–59 let,CZ0426,Teplice,CZ042,Ústecký kraj,14758,736
2012,Z,66025059,25–59 let,CZ0427,Ústí nad Labem,CZ042,Ústecký kraj,15067,332
2012,Z,66025059,25–59 let,CZ0511,Česká Lípa,CZ051,Liberecký kraj,13128,751
2012,Z,66025059,25–59 let,CZ0512,Jablonec nad Nisou,CZ051,Liberecký kraj,12248,547
2012,Z,66025059,25–59 let,CZ0513,Liberec,CZ051,Liberecký kraj,22937,853
2012,Z,66025059,25–59 let,CZ0514,Semily,CZ051,Liberecký kraj,10006,409
2012,Z,66025059,25–59 let,CZ0521,Hradec Králové,CZ052,Královéhradecký kraj,21736,677
2012,Z,66025059,25–59 let,CZ0522,Jičín,CZ052,Královéhradecký kraj,10664,432
2012,Z,66025059,25–59 let,CZ0523,Náchod,CZ052,Královéhradecký kraj,15687,497
2012,Z,66025059,25–59 let,CZ0524,Rychnov nad Kněžnou,CZ052,Královéhradecký kraj,10787,341
2012,Z,66025059,25–59 let,CZ0525,Trutnov,CZ052,Královéhradecký kraj,14818,582
2012,Z,66025059,25–59 let,CZ0531,Chrudim,CZ053,Pardubický kraj,15448,579
2012,Z,66025059,25–59 let,CZ0532,Pardubice,CZ053,Pardubický kraj,24648,967
2012,Z,66025059,25–59 let,CZ0533,Svitavy,CZ053,Pardubický kraj,13878,609
2012,Z,66025059,25–59 let,CZ0534,Ústí nad Orlicí,CZ053,Pardubický kraj,19132,821
2012,Z,66025059,25–59 let,CZ0631,Havlíčkův Brod,CZ063,Vysočina,12504,305
2012,Z,66025059,25–59 let,CZ0632,Jihlava,CZ063,Vysočina,15045,584
2012,Z,66025059,25–59 let,CZ0633,Pelhřimov,CZ063,Vysočina,9759,221
2012,Z,66025059,25–59 let,CZ0634,Třebíč,CZ063,Vysočina,15442,594
2012,Z,66025059,25–59 let,CZ0635,Žďár nad Sázavou,CZ063,Vysočina,15313,534
2012,Z,66025059,25–59 let,CZ0641,Blansko,CZ064,Jihomoravský kraj,13559,581
2012,Z,66025059,25–59 let,CZ0642,Brno-město,CZ064,Jihomoravský kraj,50963,3279
2012,Z,66025059,25–59 let,CZ0643,Brno-venkov,CZ064,Jihomoravský kraj,29708,1782
2012,Z,66025059,25–59 let,CZ0644,Břeclav,CZ064,Jihomoravský kraj,16161,661
2012,Z,66025059,25–59 let,CZ0645,Hodonín,CZ064,Jihomoravský kraj,16993,636
2012,Z,66025059,25–59 let,CZ0646,Vyškov,CZ064,Jihomoravský kraj,11842,600
2012,Z,66025059,25–59 let,CZ0647,Znojmo,CZ064,Jihomoravský kraj,14607,629
2012,Z,66025059,25–59 let,CZ0711,Jeseník,CZ071,Olomoucký kraj,3920,129
2012,Z,66025059,25–59 let,CZ0712,Olomouc,CZ071,Olomoucký kraj,34150,1579
2012,Z,66025059,25–59 let,CZ0713,Prostějov,CZ071,Olomoucký kraj,14943,598
2012,Z,66025059,25–59 let,CZ0714,Přerov,CZ071,Olomoucký kraj,16509,626
2012,Z,66025059,25–59 let,CZ0715,Šumperk,CZ071,Olomoucký kraj,16413,583
2012,Z,66025059,25–59 let,CZ0721,Kroměříž,CZ072,Zlínský kraj,13746,302
2012,Z,66025059,25–59 let,CZ0722,Uherské Hradiště,CZ072,Zlínský kraj,19141,361
2012,Z,66025059,25–59 let,CZ0723,Vsetín,CZ072,Zlínský kraj,17906,836
2012,Z,66025059,25–59 let,CZ0724,Zlín,CZ072,Zlínský kraj,25452,787
2012,Z,66025059,25–59 let,CZ0801,Bruntál,CZ080,Moravskoslezský kraj,12472,592
2012,Z,66025059,25–59 let,CZ0802,Frýdek-Místek,CZ080,Moravskoslezský kraj,25722,1249
2012,Z,66025059,25–59 let,CZ0803,Karviná,CZ080,Moravskoslezský kraj,24255,1937
2012,Z,66025059,25–59 let,CZ0804,Nový Jičín,CZ080,Moravskoslezský kraj,18719,1271
2012,Z,66025059,25–59 let,CZ0805,Opava,CZ080,Moravskoslezský kraj,23121,1405
2012,Z,66025059,25–59 let,CZ0806,Ostrava-město,CZ080,Moravskoslezský kraj,38014,3199
2013,Z,66025059,25–59 let,CZ0100,Praha,CZ010,Hlavní město Praha,162126,6087
2013,Z,66025059,25–59 let,CZ0201,Benešov,CZ020,Středočeský kraj,13118,842
2013,Z,66025059,25–59 let,CZ0202,Beroun,CZ020,Středočeský kraj,12396,495
2013,Z,66025059,25–59 let,CZ0203,Kladno,CZ020,Středočeský kraj,21561,800
2013,Z,66025059,25–59 let,CZ0204,Kolín,CZ020,Středočeský kraj,13183,493
2013,Z,66025059,25–59 let,CZ0205,Kutná Hora,CZ020,Středočeský kraj,9833,325
2013,Z,66025059,25–59 let,CZ0206,Mělník,CZ020,Středočeský kraj,13981,551
2013,Z,66025059,25–59 let,CZ0207,Mladá Boleslav,CZ020,Středočeský kraj,19137,842
2013,Z,66025059,25–59 let,CZ0208,Nymburk,CZ020,Středočeský kraj,12978,439
2013,Z,66025059,25–59 let,CZ0209,Praha-východ,CZ020,Středočeský kraj,23515,954
2013,Z,66025059,25–59 let,CZ020A,Praha-západ,CZ020,Středočeský kraj,19487,751
2013,Z,66025059,25–59 let,CZ020B,Příbram,CZ020,Středočeský kraj,16216,1007
2013,Z,66025059,25–59 let,CZ020C,Rakovník,CZ020,Středočeský kraj,7973,379
2013,Z,66025059,25–59 let,CZ0311,České Budějovice,CZ031,Jihočeský kraj,28800,1626
2013,Z,66025059,25–59 let,CZ0312,Český Krumlov,CZ031,Jihočeský kraj,8998,344
2013,Z,66025059,25–59 let,CZ0313,Jindřichův Hradec,CZ031,Jihočeský kraj,13247,338
2013,Z,66025059,25–59 let,CZ0314,Písek,CZ031,Jihočeský kraj,9549,264
2013,Z,66025059,25–59 let,CZ0315,Prachatice,CZ031,Jihočeský kraj,6660,294
2013,Z,66025059,25–59 let,CZ0316,Strakonice,CZ031,Jihočeský kraj,9260,364
2013,Z,66025059,25–59 let,CZ0317,Tábor,CZ031,Jihočeský kraj,15428,897
2013,Z,66025059,25–59 let,CZ0321,Domažlice,CZ032,Plzeňský kraj,8695,318
2013,Z,66025059,25–59 let,CZ0322,Klatovy,CZ032,Plzeňský kraj,11221,446
2013,Z,66025059,25–59 let,CZ0323,Plzeň-město,CZ032,Plzeňský kraj,27088,1147
2013,Z,66025059,25–59 let,CZ0324,Plzeň-jih,CZ032,Plzeňský kraj,8753,294
2013,Z,66025059,25–59 let,CZ0325,Plzeň-sever,CZ032,Plzeňský kraj,11418,454
2013,Z,66025059,25–59 let,CZ0326,Rokycany,CZ032,Plzeňský kraj,6370,236
2013,Z,66025059,25–59 let,CZ0327,Tachov,CZ032,Plzeňský kraj,7697,318
2013,Z,66025059,25–59 let,CZ0411,Cheb,CZ041,Karlovarský kraj,11127,566
2013,Z,66025059,25–59 let,CZ0412,Karlovy Vary,CZ041,Karlovarský kraj,13831,1180
2013,Z,66025059,25–59 let,CZ0413,Sokolov,CZ041,Karlovarský kraj,11617,776
2013,Z,66025059,25–59 let,CZ0421,Děčín,CZ042,Ústecký kraj,15272,885
2013,Z,66025059,25–59 let,CZ0422,Chomutov,CZ042,Ústecký kraj,17065,1057
2013,Z,66025059,25–59 let,CZ0423,Litoměřice,CZ042,Ústecký kraj,16104,407
2013,Z,66025059,25–59 let,CZ0424,Louny,CZ042,Ústecký kraj,10513,382
2013,Z,66025059,25–59 let,CZ0425,Most,CZ042,Ústecký kraj,14731,819
2013,Z,66025059,25–59 let,CZ0426,Teplice,CZ042,Ústecký kraj,15151,725
2013,Z,66025059,25–59 let,CZ0427,Ústí nad Labem,CZ042,Ústecký kraj,15262,358
2013,Z,66025059,25–59 let,CZ0511,Česká Lípa,CZ051,Liberecký kraj,12995,642
2013,Z,66025059,25–59 let,CZ0512,Jablonec nad Nisou,CZ051,Liberecký kraj,12383,524
2013,Z,66025059,25–59 let,CZ0513,Liberec,CZ051,Liberecký kraj,22649,733
2013,Z,66025059,25–59 let,CZ0514,Semily,CZ051,Liberecký kraj,10068,382
2013,Z,66025059,25–59 let,CZ0521,Hradec Králové,CZ052,Královéhradecký kraj,22164,556
2013,Z,66025059,25–59 let,CZ0522,Jičín,CZ052,Královéhradecký kraj,11182,440
2013,Z,66025059,25–59 let,CZ0523,Náchod,CZ052,Královéhradecký kraj,15571,377
2013,Z,66025059,25–59 let,CZ0524,Rychnov nad Kněžnou,CZ052,Královéhradecký kraj,11111,237
2013,Z,66025059,25–59 let,CZ0525,Trutnov,CZ052,Královéhradecký kraj,15111,519
2013,Z,66025059,25–59 let,CZ0531,Chrudim,CZ053,Pardubický kraj,15613,463
2013,Z,66025059,25–59 let,CZ0532,Pardubice,CZ053,Pardubický kraj,24777,759
2013,Z,66025059,25–59 let,CZ0533,Svitavy,CZ053,Pardubický kraj,14303,467
2013,Z,66025059,25–59 let,CZ0534,Ústí nad Orlicí,CZ053,Pardubický kraj,19351,649
2013,Z,66025059,25–59 let,CZ0631,Havlíčkův Brod,CZ063,Vysočina,12802,286
2013,Z,66025059,25–59 let,CZ0632,Jihlava,CZ063,Vysočina,15697,606
2013,Z,66025059,25–59 let,CZ0633,Pelhřimov,CZ063,Vysočina,9883,213
2013,Z,66025059,25–59 let,CZ0634,Třebíč,CZ063,Vysočina,16149,594
2013,Z,66025059,25–59 let,CZ0635,Žďár nad Sázavou,CZ063,Vysočina,15418,487
2013,Z,66025059,25–59 let,CZ0641,Blansko,CZ064,Jihomoravský kraj,13936,625
2013,Z,66025059,25–59 let,CZ0642,Brno-město,CZ064,Jihomoravský kraj,51166,3103
2013,Z,66025059,25–59 let,CZ0643,Brno-venkov,CZ064,Jihomoravský kraj,29949,1667
2013,Z,66025059,25–59 let,CZ0644,Břeclav,CZ064,Jihomoravský kraj,16118,607
2013,Z,66025059,25–59 let,CZ0645,Hodonín,CZ064,Jihomoravský kraj,18532,734
2013,Z,66025059,25–59 let,CZ0646,Vyškov,CZ064,Jihomoravský kraj,12341,574
2013,Z,66025059,25–59 let,CZ0647,Znojmo,CZ064,Jihomoravský kraj,14452,570
2013,Z,66025059,25–59 let,CZ0711,Jeseník,CZ071,Olomoucký kraj,3836,173
2013,Z,66025059,25–59 let,CZ0712,Olomouc,CZ071,Olomoucký kraj,33012,1708
2013,Z,66025059,25–59 let,CZ0713,Prostějov,CZ071,Olomoucký kraj,15327,572
2013,Z,66025059,25–59 let,CZ0714,Přerov,CZ071,Olomoucký kraj,17013,794
2013,Z,66025059,25–59 let,CZ0715,Šumperk,CZ071,Olomoucký kraj,16077,618
2013,Z,66025059,25–59 let,CZ0721,Kroměříž,CZ072,Zlínský kraj,14060,292
2013,Z,66025059,25–59 let,CZ0722,Uherské Hradiště,CZ072,Zlínský kraj,19253,399
2013,Z,66025059,25–59 let,CZ0723,Vsetín,CZ072,Zlínský kraj,19661,871
2013,Z,66025059,25–59 let,CZ0724,Zlín,CZ072,Zlínský kraj,25573,715
2013,Z,66025059,25–59 let,CZ0801,Bruntál,CZ080,Moravskoslezský kraj,12137,619
2013,Z,66025059,25–59 let,CZ0802,Frýdek-Místek,CZ080,Moravskoslezský kraj,27457,1497
2013,Z,66025059,25–59 let,CZ0803,Karviná,CZ080,Moravskoslezský kraj,30944,2368
2013,Z,66025059,25–59 let,CZ0804,Nový Jičín,CZ080,Moravskoslezský kraj,20572,1356
2013,Z,66025059,25–59 let,CZ0805,Opava,CZ080,Moravskoslezský kraj,24940,1750
2013,Z,66025059,25–59 let,CZ0806,Ostrava-město,CZ080,Moravskoslezský kraj,41181,2921
2014,Z,66025059,25–59 let,CZ0100,Praha,CZ010,Hlavní město Praha,162385,6184
2014,Z,66025059,25–59 let,CZ0201,Benešov,CZ020,Středočeský kraj,12951,645
2014,Z,66025059,25–59 let,CZ0202,Beroun,CZ020,Středočeský kraj,12092,440
2014,Z,66025059,25–59 let,CZ0203,Kladno,CZ020,Středočeský kraj,21083,730
2014,Z,66025059,25–59 let,CZ0204,Kolín,CZ020,Středočeský kraj,12990,563
2014,Z,66025059,25–59 let,CZ0205,Kutná Hora,CZ020,Středočeský kraj,9867,413
2014,Z,66025059,25–59 let,CZ0206,Mělník,CZ020,Středočeský kraj,14222,567
2014,Z,66025059,25–59 let,CZ0207,Mladá Boleslav,CZ020,Středočeský kraj,19245,803
2014,Z,66025059,25–59 let,CZ0208,Nymburk,CZ020,Středočeský kraj,12926,454
2014,Z,66025059,25–59 let,CZ0209,Praha-východ,CZ020,Středočeský kraj,23778,852
2014,Z,66025059,25–59 let,CZ020A,Praha-západ,CZ020,Středočeský kraj,19486,729
2014,Z,66025059,25–59 let,CZ020B,Příbram,CZ020,Středočeský kraj,16029,822
2014,Z,66025059,25–59 let,CZ020C,Rakovník,CZ020,Středočeský kraj,7762,407
2014,Z,66025059,25–59 let,CZ0311,České Budějovice,CZ031,Jihočeský kraj,28534,1352
2014,Z,66025059,25–59 let,CZ0312,Český Krumlov,CZ031,Jihočeský kraj,8482,262
2014,Z,66025059,25–59 let,CZ0313,Jindřichův Hradec,CZ031,Jihočeský kraj,13150,330
2014,Z,66025059,25–59 let,CZ0314,Písek,CZ031,Jihočeský kraj,9222,252
2014,Z,66025059,25–59 let,CZ0315,Prachatice,CZ031,Jihočeský kraj,6549,250
2014,Z,66025059,25–59 let,CZ0316,Strakonice,CZ031,Jihočeský kraj,9058,322
2014,Z,66025059,25–59 let,CZ0317,Tábor,CZ031,Jihočeský kraj,14436,760
2014,Z,66025059,25–59 let,CZ0321,Domažlice,CZ032,Plzeňský kraj,8540,260
2014,Z,66025059,25–59 let,CZ0322,Klatovy,CZ032,Plzeňský kraj,11005,369
2014,Z,66025059,25–59 let,CZ0323,Plzeň-město,CZ032,Plzeňský kraj,26452,987
2014,Z,66025059,25–59 let,CZ0324,Plzeň-jih,CZ032,Plzeňský kraj,8568,284
2014,Z,66025059,25–59 let,CZ0325,Plzeň-sever,CZ032,Plzeňský kraj,11107,390
2014,Z,66025059,25–59 let,CZ0326,Rokycany,CZ032,Plzeňský kraj,6317,238
2014,Z,66025059,25–59 let,CZ0327,Tachov,CZ032,Plzeňský kraj,7306,286
2014,Z,66025059,25–59 let,CZ0411,Cheb,CZ041,Karlovarský kraj,11066,499
2014,Z,66025059,25–59 let,CZ0412,Karlovy Vary,CZ041,Karlovarský kraj,13721,1177
2014,Z,66025059,25–59 let,CZ0413,Sokolov,CZ041,Karlovarský kraj,11342,793
2014,Z,66025059,25–59 let,CZ0421,Děčín,CZ042,Ústecký kraj,15138,758
2014,Z,66025059,25–59 let,CZ0422,Chomutov,CZ042,Ústecký kraj,16397,798
2014,Z,66025059,25–59 let,CZ0423,Litoměřice,CZ042,Ústecký kraj,16580,406
2014,Z,66025059,25–59 let,CZ0424,Louny,CZ042,Ústecký kraj,10577,343
2014,Z,66025059,25–59 let,CZ0425,Most,CZ042,Ústecký kraj,13949,668
2014,Z,66025059,25–59 let,CZ0426,Teplice,CZ042,Ústecký kraj,14943,671
2014,Z,66025059,25–59 let,CZ0427,Ústí nad Labem,CZ042,Ústecký kraj,15056,311
2014,Z,66025059,25–59 let,CZ0511,Česká Lípa,CZ051,Liberecký kraj,12854,550
2014,Z,66025059,25–59 let,CZ0512,Jablonec nad Nisou,CZ051,Liberecký kraj,11909,510
2014,Z,66025059,25–59 let,CZ0513,Liberec,CZ051,Liberecký kraj,22597,723
2014,Z,66025059,25–59 let,CZ0514,Semily,CZ051,Liberecký kraj,10052,383
2014,Z,66025059,25–59 let,CZ0521,Hradec Králové,CZ052,Královéhradecký kraj,21842,755
2014,Z,66025059,25–59 let,CZ0522,Jičín,CZ052,Královéhradecký kraj,10916,468
2014,Z,66025059,25–59 let,CZ0523,Náchod,CZ052,Královéhradecký kraj,15476,561
2014,Z,66025059,25–59 let,CZ0524,Rychnov nad Kněžnou,CZ052,Královéhradecký kraj,10683,396
2014,Z,66025059,25–59 let,CZ0525,Trutnov,CZ052,Královéhradecký kraj,14644,680
2014,Z,66025059,25–59 let,CZ0531,Chrudim,CZ053,Pardubický kraj,15207,595
2014,Z,66025059,25–59 let,CZ0532,Pardubice,CZ053,Pardubický kraj,23947,1037
2014,Z,66025059,25–59 let,CZ0533,Svitavy,CZ053,Pardubický kraj,14081,826
2014,Z,66025059,25–59 let,CZ0534,Ústí nad Orlicí,CZ053,Pardubický kraj,19100,981
2014,Z,66025059,25–59 let,CZ0631,Havlíčkův Brod,CZ063,Vysočina,12568,307
2014,Z,66025059,25–59 let,CZ0632,Jihlava,CZ063,Vysočina,15610,622
2014,Z,66025059,25–59 let,CZ0633,Pelhřimov,CZ063,Vysočina,9592,208
2014,Z,66025059,25–59 let,CZ0634,Třebíč,CZ063,Vysočina,15512,553
2014,Z,66025059,25–59 let,CZ0635,Žďár nad Sázavou,CZ063,Vysočina,14813,364
2014,Z,66025059,25–59 let,CZ0641,Blansko,CZ064,Jihomoravský kraj,13766,549
2014,Z,66025059,25–59 let,CZ0642,Brno-město,CZ064,Jihomoravský kraj,51202,2830
2014,Z,66025059,25–59 let,CZ0643,Brno-venkov,CZ064,Jihomoravský kraj,29741,1529
2014,Z,66025059,25–59 let,CZ0644,Břeclav,CZ064,Jihomoravský kraj,15690,562
2014,Z,66025059,25–59 let,CZ0645,Hodonín,CZ064,Jihomoravský kraj,18634,646
2014,Z,66025059,25–59 let,CZ0646,Vyškov,CZ064,Jihomoravský kraj,11814,496
2014,Z,66025059,25–59 let,CZ0647,Znojmo,CZ064,Jihomoravský kraj,14527,513
2014,Z,66025059,25–59 let,CZ0711,Jeseník,CZ071,Olomoucký kraj,3922,162
2014,Z,66025059,25–59 let,CZ0712,Olomouc,CZ071,Olomoucký kraj,33313,1712
2014,Z,66025059,25–59 let,CZ0713,Prostějov,CZ071,Olomoucký kraj,15191,526
2014,Z,66025059,25–59 let,CZ0714,Přerov,CZ071,Olomoucký kraj,16939,753
2014,Z,66025059,25–59 let,CZ0715,Šumperk,CZ071,Olomoucký kraj,16046,543
2014,Z,66025059,25–59 let,CZ0721,Kroměříž,CZ072,Zlínský kraj,14079,266
2014,Z,66025059,25–59 let,CZ0722,Uherské Hradiště,CZ072,Zlínský kraj,18406,339
2014,Z,66025059,25–59 let,CZ0723,Vsetín,CZ072,Zlínský kraj,20018,809
2014,Z,66025059,25–59 let,CZ0724,Zlín,CZ072,Zlínský kraj,25074,729
2014,Z,66025059,25–59 let,CZ0801,Bruntál,CZ080,Moravskoslezský kraj,12127,556
2014,Z,66025059,25–59 let,CZ0802,Frýdek-Místek,CZ080,Moravskoslezský kraj,27282,1701
2014,Z,66025059,25–59 let,CZ0803,Karviná,CZ080,Moravskoslezský kraj,31101,2329
2014,Z,66025059,25–59 let,CZ0804,Nový Jičín,CZ080,Moravskoslezský kraj,20735,1203
2014,Z,66025059,25–59 let,CZ0805,Opava,CZ080,Moravskoslezský kraj,24730,1558
2014,Z,66025059,25–59 let,CZ0806,Ostrava-město,CZ080,Moravskoslezský kraj,41432,2991
2015,Z,66025059,25–59 let,CZ0100,Praha,CZ010,Hlavní město Praha,168052,6639
2015,Z,66025059,25–59 let,CZ0201,Benešov,CZ020,Středočeský kraj,13139,592
2015,Z,66025059,25–59 let,CZ0202,Beroun,CZ020,Středočeský kraj,12199,493
2015,Z,66025059,25–59 let,CZ0203,Kladno,CZ020,Středočeský kraj,21910,803
2015,Z,66025059,25–59 let,CZ0204,Kolín,CZ020,Středočeský kraj,13360,554
2015,Z,66025059,25–59 let,CZ0205,Kutná Hora,CZ020,Středočeský kraj,10196,368
2015,Z,66025059,25–59 let,CZ0206,Mělník,CZ020,Středočeský kraj,14157,613
2015,Z,66025059,25–59 let,CZ0207,Mladá Boleslav,CZ020,Středočeský kraj,19638,906
2015,Z,66025059,25–59 let,CZ0208,Nymburk,CZ020,Středočeský kraj,12744,372
2015,Z,66025059,25–59 let,CZ0209,Praha-východ,CZ020,Středočeský kraj,24748,963
2015,Z,66025059,25–59 let,CZ020A,Praha-západ,CZ020,Středočeský kraj,20285,854
2015,Z,66025059,25–59 let,CZ020B,Příbram,CZ020,Středočeský kraj,15843,896
2015,Z,66025059,25–59 let,CZ020C,Rakovník,CZ020,Středočeský kraj,7886,375
2015,Z,66025059,25–59 let,CZ0311,České Budějovice,CZ031,Jihočeský kraj,29242,1423
2015,Z,66025059,25–59 let,CZ0312,Český Krumlov,CZ031,Jihočeský kraj,8912,359
2015,Z,66025059,25–59 let,CZ0313,Jindřichův Hradec,CZ031,Jihočeský kraj,12821,396
2015,Z,66025059,25–59 let,CZ0314,Písek,CZ031,Jihočeský kraj,9450,249
2015,Z,66025059,25–59 let,CZ0315,Prachatice,CZ031,Jihočeský kraj,6377,251
2015,Z,66025059,25–59 let,CZ0316,Strakonice,CZ031,Jihočeský kraj,9186,369
2015,Z,66025059,25–59 let,CZ0317,Tábor,CZ031,Jihočeský kraj,14815,732
2015,Z,66025059,25–59 let,CZ0321,Domažlice,CZ032,Plzeňský kraj,8642,285
2015,Z,66025059,25–59 let,CZ0322,Klatovy,CZ032,Plzeňský kraj,11078,408
2015,Z,66025059,25–59 let,CZ0323,Plzeň-město,CZ032,Plzeňský kraj,26670,1100
2015,Z,66025059,25–59 let,CZ0324,Plzeň-jih,CZ032,Plzeňský kraj,8511,315
2015,Z,66025059,25–59 let,CZ0325,Plzeň-sever,CZ032,Plzeňský kraj,11220,415
2015,Z,66025059,25–59 let,CZ0326,Rokycany,CZ032,Plzeňský kraj,6295,256
2015,Z,66025059,25–59 let,CZ0327,Tachov,CZ032,Plzeňský kraj,7271,317
2015,Z,66025059,25–59 let,CZ0411,Cheb,CZ041,Karlovarský kraj,11014,508
2015,Z,66025059,25–59 let,CZ0412,Karlovy Vary,CZ041,Karlovarský kraj,14911,874
2015,Z,66025059,25–59 let,CZ0413,Sokolov,CZ041,Karlovarský kraj,12097,747
2015,Z,66025059,25–59 let,CZ0421,Děčín,CZ042,Ústecký kraj,15286,776
2015,Z,66025059,25–59 let,CZ0422,Chomutov,CZ042,Ústecký kraj,16593,773
2015,Z,66025059,25–59 let,CZ0423,Litoměřice,CZ042,Ústecký kraj,16348,408
2015,Z,66025059,25–59 let,CZ0424,Louny,CZ042,Ústecký kraj,10894,416
2015,Z,66025059,25–59 let,CZ0425,Most,CZ042,Ústecký kraj,14065,707
2015,Z,66025059,25–59 let,CZ0426,Teplice,CZ042,Ústecký kraj,15297,624
2015,Z,66025059,25–59 let,CZ0427,Ústí nad Labem,CZ042,Ústecký kraj,14954,341
2015,Z,66025059,25–59 let,CZ0511,Česká Lípa,CZ051,Liberecký kraj,12806,491
2015,Z,66025059,25–59 let,CZ0512,Jablonec nad Nisou,CZ051,Liberecký kraj,11888,483
2015,Z,66025059,25–59 let,CZ0513,Liberec,CZ051,Liberecký kraj,22474,660
2015,Z,66025059,25–59 let,CZ0514,Semily,CZ051,Liberecký kraj,10091,372
2015,Z,66025059,25–59 let,CZ0521,Hradec Králové,CZ052,Královéhradecký kraj,21344,663
2015,Z,66025059,25–59 let,CZ0522,Jičín,CZ052,Královéhradecký kraj,10903,432
2015,Z,66025059,25–59 let,CZ0523,Náchod,CZ052,Královéhradecký kraj,15374,374
2015,Z,66025059,25–59 let,CZ0524,Rychnov nad Kněžnou,CZ052,Královéhradecký kraj,10682,224
2015,Z,66025059,25–59 let,CZ0525,Trutnov,CZ052,Královéhradecký kraj,14540,486
2015,Z,66025059,25–59 let,CZ0531,Chrudim,CZ053,Pardubický kraj,15322,484
2015,Z,66025059,25–59 let,CZ0532,Pardubice,CZ053,Pardubický kraj,23963,638
2015,Z,66025059,25–59 let,CZ0533,Svitavy,CZ053,Pardubický kraj,14390,546
2015,Z,66025059,25–59 let,CZ0534,Ústí nad Orlicí,CZ053,Pardubický kraj,19001,648
2015,Z,66025059,25–59 let,CZ0631,Havlíčkův Brod,CZ063,Vysočina,12575,287
2015,Z,66025059,25–59 let,CZ0632,Jihlava,CZ063,Vysočina,15672,648
2015,Z,66025059,25–59 let,CZ0633,Pelhřimov,CZ063,Vysočina,9786,252
2015,Z,66025059,25–59 let,CZ0634,Třebíč,CZ063,Vysočina,15699,514
2015,Z,66025059,25–59 let,CZ0635,Žďár nad Sázavou,CZ063,Vysočina,15322,483
2015,Z,66025059,25–59 let,CZ0641,Blansko,CZ064,Jihomoravský kraj,13846,543
2015,Z,66025059,25–59 let,CZ0642,Brno-město,CZ064,Jihomoravský kraj,50579,2476
2015,Z,66025059,25–59 let,CZ0643,Brno-venkov,CZ064,Jihomoravský kraj,29834,1370
2015,Z,66025059,25–59 let,CZ0644,Břeclav,CZ064,Jihomoravský kraj,15636,452
2015,Z,66025059,25–59 let,CZ0645,Hodonín,CZ064,Jihomoravský kraj,18759,601
2015,Z,66025059,25–59 let,CZ0646,Vyškov,CZ064,Jihomoravský kraj,11492,546
2015,Z,66025059,25–59 let,CZ0647,Znojmo,CZ064,Jihomoravský kraj,14422,453
2015,Z,66025059,25–59 let,CZ0711,Jeseník,CZ071,Olomoucký kraj,3876,192
2015,Z,66025059,25–59 let,CZ0712,Olomouc,CZ071,Olomoucký kraj,34219,2183
2015,Z,66025059,25–59 let,CZ0713,Prostějov,CZ071,Olomoucký kraj,15251,647
2015,Z,66025059,25–59 let,CZ0714,Přerov,CZ071,Olomoucký kraj,17152,772
2015,Z,66025059,25–59 let,CZ0715,Šumperk,CZ071,Olomoucký kraj,16031,622
2015,Z,66025059,25–59 let,CZ0721,Kroměříž,CZ072,Zlínský kraj,13927,252
2015,Z,66025059,25–59 let,CZ0722,Uherské Hradiště,CZ072,Zlínský kraj,18978,362
2015,Z,66025059,25–59 let,CZ0723,Vsetín,CZ072,Zlínský kraj,20231,668
2015,Z,66025059,25–59 let,CZ0724,Zlín,CZ072,Zlínský kraj,24921,709
2015,Z,66025059,25–59 let,CZ0801,Bruntál,CZ080,Moravskoslezský kraj,11880,520
2015,Z,66025059,25–59 let,CZ0802,Frýdek-Místek,CZ080,Moravskoslezský kraj,28006,1341
2015,Z,66025059,25–59 let,CZ0803,Karviná,CZ080,Moravskoslezský kraj,31907,1889
2015,Z,66025059,25–59 let,CZ0804,Nový Jičín,CZ080,Moravskoslezský kraj,20978,1138
2015,Z,66025059,25–59 let,CZ0805,Opava,CZ080,Moravskoslezský kraj,25513,1407
2015,Z,66025059,25–59 let,CZ0806,Ostrava-město,CZ080,Moravskoslezský kraj,42264,2834
2016,Z,66025059,25–59 let,CZ0100,Praha,CZ010,Hlavní město Praha,169932,6560
2016,Z,66025059,25–59 let,CZ0201,Benešov,CZ020,Středočeský kraj,13216,484
2016,Z,66025059,25–59 let,CZ0202,Beroun,CZ020,Středočeský kraj,12578,482
2016,Z,66025059,25–59 let,CZ0203,Kladno,CZ020,Středočeský kraj,21910,723
2016,Z,66025059,25–59 let,CZ0204,Kolín,CZ020,Středočeský kraj,13498,575
2016,Z,66025059,25–59 let,CZ0205,Kutná Hora,CZ020,Středočeský kraj,9288,236
2016,Z,66025059,25–59 let,CZ0206,Mělník,CZ020,Středočeský kraj,14552,660
2016,Z,66025059,25–59 let,CZ0207,Mladá Boleslav,CZ020,Středočeský kraj,19453,805
2016,Z,66025059,25–59 let,CZ0208,Nymburk,CZ020,Středočeský kraj,12912,394
2016,Z,66025059,25–59 let,CZ0209,Praha-východ,CZ020,Středočeský kraj,25112,970
2016,Z,66025059,25–59 let,CZ020A,Praha-západ,CZ020,Středočeský kraj,20277,817
2016,Z,66025059,25–59 let,CZ020B,Příbram,CZ020,Středočeský kraj,16083,885
2016,Z,66025059,25–59 let,CZ020C,Rakovník,CZ020,Středočeský kraj,7668,288
2016,Z,66025059,25–59 let,CZ0311,České Budějovice,CZ031,Jihočeský kraj,29373,1174
2016,Z,66025059,25–59 let,CZ0312,Český Krumlov,CZ031,Jihočeský kraj,8817,319
2016,Z,66025059,25–59 let,CZ0313,Jindřichův Hradec,CZ031,Jihočeský kraj,13037,369
2016,Z,66025059,25–59 let,CZ0314,Písek,CZ031,Jihočeský kraj,9241,193
2016,Z,66025059,25–59 let,CZ0315,Prachatice,CZ031,Jihočeský kraj,6518,217
2016,Z,66025059,25–59 let,CZ0316,Strakonice,CZ031,Jihočeský kraj,9095,297
2016,Z,66025059,25–59 let,CZ0317,Tábor,CZ031,Jihočeský kraj,14857,649
2016,Z,66025059,25–59 let,CZ0321,Domažlice,CZ032,Plzeňský kraj,8596,246
2016,Z,66025059,25–59 let,CZ0322,Klatovy,CZ032,Plzeňský kraj,10873,342
2016,Z,66025059,25–59 let,CZ0323,Plzeň-město,CZ032,Plzeňský kraj,26671,880
2016,Z,66025059,25–59 let,CZ0324,Plzeň-jih,CZ032,Plzeňský kraj,8508,224
2016,Z,66025059,25–59 let,CZ0325,Plzeň-sever,CZ032,Plzeňský kraj,11174,351
2016,Z,66025059,25–59 let,CZ0326,Rokycany,CZ032,Plzeňský kraj,6445,234
2016,Z,66025059,25–59 let,CZ0327,Tachov,CZ032,Plzeňský kraj,7081,252
2016,Z,66025059,25–59 let,CZ0411,Cheb,CZ041,Karlovarský kraj,11075,426
2016,Z,66025059,25–59 let,CZ0412,Karlovy Vary,CZ041,Karlovarský kraj,15033,496
2016,Z,66025059,25–59 let,CZ0413,Sokolov,CZ041,Karlovarský kraj,11856,569
2016,Z,66025059,25–59 let,CZ0421,Děčín,CZ042,Ústecký kraj,15428,709
2016,Z,66025059,25–59 let,CZ0422,Chomutov,CZ042,Ústecký kraj,16607,555
2016,Z,66025059,25–59 let,CZ0423,Litoměřice,CZ042,Ústecký kraj,16725,415
2016,Z,66025059,25–59 let,CZ0424,Louny,CZ042,Ústecký kraj,10905,311
2016,Z,66025059,25–59 let,CZ0425,Most,CZ042,Ústecký kraj,13958,571
2016,Z,66025059,25–59 let,CZ0426,Teplice,CZ042,Ústecký kraj,15599,524
2016,Z,66025059,25–59 let,CZ0427,Ústí nad Labem,CZ042,Ústecký kraj,15753,448
2016,Z,66025059,25–59 let,CZ0511,Česká Lípa,CZ051,Liberecký kraj,12962,575
2016,Z,66025059,25–59 let,CZ0512,Jablonec nad Nisou,CZ051,Liberecký kraj,11892,432
2016,Z,66025059,25–59 let,CZ0513,Liberec,CZ051,Liberecký kraj,22218,635
2016,Z,66025059,25–59 let,CZ0514,Semily,CZ051,Liberecký kraj,10056,396
2016,Z,66025059,25–59 let,CZ0521,Hradec Králové,CZ052,Královéhradecký kraj,20515,628
2016,Z,66025059,25–59 let,CZ0522,Jičín,CZ052,Královéhradecký kraj,10563,446
2016,Z,66025059,25–59 let,CZ0523,Náchod,CZ052,Královéhradecký kraj,15073,376
2016,Z,66025059,25–59 let,CZ0524,Rychnov nad Kněžnou,CZ052,Královéhradecký kraj,10488,251
2016,Z,66025059,25–59 let,CZ0525,Trutnov,CZ052,Královéhradecký kraj,14434,479
2016,Z,66025059,25–59 let,CZ0531,Chrudim,CZ053,Pardubický kraj,15128,409
2016,Z,66025059,25–59 let,CZ0532,Pardubice,CZ053,Pardubický kraj,23528,637
2016,Z,66025059,25–59 let,CZ0533,Svitavy,CZ053,Pardubický kraj,13849,451
2016,Z,66025059,25–59 let,CZ0534,Ústí nad Orlicí,CZ053,Pardubický kraj,19131,500
2016,Z,66025059,25–59 let,CZ0631,Havlíčkův Brod,CZ063,Vysočina,12779,291
2016,Z,66025059,25–59 let,CZ0632,Jihlava,CZ063,Vysočina,15645,426
2016,Z,66025059,25–59 let,CZ0633,Pelhřimov,CZ063,Vysočina,9800,200
2016,Z,66025059,25–59 let,CZ0634,Třebíč,CZ063,Vysočina,15678,477
2016,Z,66025059,25–59 let,CZ0635,Žďár nad Sázavou,CZ063,Vysočina,14893,431
2016,Z,66025059,25–59 let,CZ0641,Blansko,CZ064,Jihomoravský kraj,13734,446
2016,Z,66025059,25–59 let,CZ0642,Brno-město,CZ064,Jihomoravský kraj,52033,2033
2016,Z,66025059,25–59 let,CZ0643,Brno-venkov,CZ064,Jihomoravský kraj,30535,1187
2016,Z,66025059,25–59 let,CZ0644,Břeclav,CZ064,Jihomoravský kraj,15547,410
2016,Z,66025059,25–59 let,CZ0645,Hodonín,CZ064,Jihomoravský kraj,19261,547
2016,Z,66025059,25–59 let,CZ0646,Vyškov,CZ064,Jihomoravský kraj,12325,434
2016,Z,66025059,25–59 let,CZ0647,Znojmo,CZ064,Jihomoravský kraj,14667,355
2016,Z,66025059,25–59 let,CZ0711,Jeseník,CZ071,Olomoucký kraj,3646,129
2016,Z,66025059,25–59 let,CZ0712,Olomouc,CZ071,Olomoucký kraj,34294,1796
2016,Z,66025059,25–59 let,CZ0713,Prostějov,CZ071,Olomoucký kraj,15471,484
2016,Z,66025059,25–59 let,CZ0714,Přerov,CZ071,Olomoucký kraj,16953,575
2016,Z,66025059,25–59 let,CZ0715,Šumperk,CZ071,Olomoucký kraj,16409,529
2016,Z,66025059,25–59 let,CZ0721,Kroměříž,CZ072,Zlínský kraj,13840,214
2016,Z,66025059,25–59 let,CZ0722,Uherské Hradiště,CZ072,Zlínský kraj,19007,338
2016,Z,66025059,25–59 let,CZ0723,Vsetín,CZ072,Zlínský kraj,20405,738
2016,Z,66025059,25–59 let,CZ0724,Zlín,CZ072,Zlínský kraj,24590,623
2016,Z,66025059,25–59 let,CZ0801,Bruntál,CZ080,Moravskoslezský kraj,11870,453
2016,Z,66025059,25–59 let,CZ0802,Frýdek-Místek,CZ080,Moravskoslezský kraj,28428,1377
2016,Z,66025059,25–59 let,CZ0803,Karviná,CZ080,Moravskoslezský kraj,31513,1608
2016,Z,66025059,25–59 let,CZ0804,Nový Jičín,CZ080,Moravskoslezský kraj,20916,1024
2016,Z,66025059,25–59 let,CZ0805,Opava,CZ080,Moravskoslezský kraj,25817,1148
2016,Z,66025059,25–59 let,CZ0806,Ostrava-město,CZ080,Moravskoslezský kraj,42541,2576
2017,Z,66025059,25–59 let,CZ0100,Praha,CZ010,Hlavní město Praha,169951,5751
2017,Z,66025059,25–59 let,CZ0201,Benešov,CZ020,Středočeský kraj,13299,378
2017,Z,66025059,25–59 let,CZ0202,Beroun,CZ020,Středočeský kraj,12448,378
2017,Z,66025059,25–59 let,CZ0203,Kladno,CZ020,Středočeský kraj,21997,624
2017,Z,66025059,25–59 let,CZ0204,Kolín,CZ020,Středočeský kraj,13484,376
2017,Z,66025059,25–59 let,CZ0205,Kutná Hora,CZ020,Středočeský kraj,9566,176
2017,Z,66025059,25–59 let,CZ0206,Mělník,CZ020,Středočeský kraj,14520,588
2017,Z,66025059,25–59 let,CZ0207,Mladá Boleslav,CZ020,Středočeský kraj,19830,751
2017,Z,66025059,25–59 let,CZ0208,Nymburk,CZ020,Středočeský kraj,12802,330
2017,Z,66025059,25–59 let,CZ0209,Praha-východ,CZ020,Středočeský kraj,25218,813
2017,Z,66025059,25–59 let,CZ020A,Praha-západ,CZ020,Středočeský kraj,20362,729
2017,Z,66025059,25–59 let,CZ020B,Příbram,CZ020,Středočeský kraj,16056,627
2017,Z,66025059,25–59 let,CZ020C,Rakovník,CZ020,Středočeský kraj,7930,234
2017,Z,66025059,25–59 let,CZ0311,České Budějovice,CZ031,Jihočeský kraj,29001,835
2017,Z,66025059,25–59 let,CZ0312,Český Krumlov,CZ031,Jihočeský kraj,8922,211
2017,Z,66025059,25–59 let,CZ0313,Jindřichův Hradec,CZ031,Jihočeský kraj,12652,269
2017,Z,66025059,25–59 let,CZ0314,Písek,CZ031,Jihočeský kraj,9355,217
2017,Z,66025059,25–59 let,CZ0315,Prachatice,CZ031,Jihočeský kraj,6225,154
2017,Z,66025059,25–59 let,CZ0316,Strakonice,CZ031,Jihočeský kraj,8981,209
2017,Z,66025059,25–59 let,CZ0317,Tábor,CZ031,Jihočeský kraj,14393,542
2017,Z,66025059,25–59 let,CZ0321,Domažlice,CZ032,Plzeňský kraj,8606,200
2017,Z,66025059,25–59 let,CZ0322,Klatovy,CZ032,Plzeňský kraj,11063,268
2017,Z,66025059,25–59 let,CZ0323,Plzeň-město,CZ032,Plzeňský kraj,26285,701
2017,Z,66025059,25–59 let,CZ0324,Plzeň-jih,CZ032,Plzeňský kraj,8517,162
2017,Z,66025059,25–59 let,CZ0325,Plzeň-sever,CZ032,Plzeňský kraj,11118,260
2017,Z,66025059,25–59 let,CZ0326,Rokycany,CZ032,Plzeňský kraj,6459,188
2017,Z,66025059,25–59 let,CZ0327,Tachov,CZ032,Plzeňský kraj,6956,196
2017,Z,66025059,25–59 let,CZ0411,Cheb,CZ041,Karlovarský kraj,11009,321
2017,Z,66025059,25–59 let,CZ0412,Karlovy Vary,CZ041,Karlovarský kraj,15513,429
2017,Z,66025059,25–59 let,CZ0413,Sokolov,CZ041,Karlovarský kraj,12161,505
2017,Z,66025059,25–59 let,CZ0421,Děčín,CZ042,Ústecký kraj,15692,526
2017,Z,66025059,25–59 let,CZ0422,Chomutov,CZ042,Ústecký kraj,16784,443
2017,Z,66025059,25–59 let,CZ0423,Litoměřice,CZ042,Ústecký kraj,16651,305
2017,Z,66025059,25–59 let,CZ0424,Louny,CZ042,Ústecký kraj,10757,282
2017,Z,66025059,25–59 let,CZ0425,Most,CZ042,Ústecký kraj,14031,457
2017,Z,66025059,25–59 let,CZ0426,Teplice,CZ042,Ústecký kraj,16060,469
2017,Z,66025059,25–59 let,CZ0427,Ústí nad Labem,CZ042,Ústecký kraj,15780,317
2017,Z,66025059,25–59 let,CZ0511,Česká Lípa,CZ051,Liberecký kraj,12570,444
2017,Z,66025059,25–59 let,CZ0512,Jablonec nad Nisou,CZ051,Liberecký kraj,11479,320
2017,Z,66025059,25–59 let,CZ0513,Liberec,CZ051,Liberecký kraj,22618,515
2017,Z,66025059,25–59 let,CZ0514,Semily,CZ051,Liberecký kraj,9989,286
2017,Z,66025059,25–59 let,CZ0521,Hradec Králové,CZ052,Královéhradecký kraj,21361,785
2017,Z,66025059,25–59 let,CZ0522,Jičín,CZ052,Královéhradecký kraj,10922,352
2017,Z,66025059,25–59 let,CZ0523,Náchod,CZ052,Královéhradecký kraj,15220,375
2017,Z,66025059,25–59 let,CZ0524,Rychnov nad Kněžnou,CZ052,Královéhradecký kraj,10503,243
2017,Z,66025059,25–59 let,CZ0525,Trutnov,CZ052,Královéhradecký kraj,14942,506
2017,Z,66025059,25–59 let,CZ0531,Chrudim,CZ053,Pardubický kraj,15354,399
2017,Z,66025059,25–59 let,CZ0532,Pardubice,CZ053,Pardubický kraj,23952,727
2017,Z,66025059,25–59 let,CZ0533,Svitavy,CZ053,Pardubický kraj,13947,346
2017,Z,66025059,25–59 let,CZ0534,Ústí nad Orlicí,CZ053,Pardubický kraj,18586,500
2017,Z,66025059,25–59 let,CZ0631,Havlíčkův Brod,CZ063,Vysočina,12793,294
2017,Z,66025059,25–59 let,CZ0632,Jihlava,CZ063,Vysočina,15827,340
2017,Z,66025059,25–59 let,CZ0633,Pelhřimov,CZ063,Vysočina,9944,173
2017,Z,66025059,25–59 let,CZ0634,Třebíč,CZ063,Vysočina,15390,349
2017,Z,66025059,25–59 let,CZ0635,Žďár nad Sázavou,CZ063,Vysočina,15166,348
2017,Z,66025059,25–59 let,CZ0641,Blansko,CZ064,Jihomoravský kraj,13697,382
2017,Z,66025059,25–59 let,CZ0642,Brno-město,CZ064,Jihomoravský kraj,52472,1744
2017,Z,66025059,25–59 let,CZ0643,Brno-venkov,CZ064,Jihomoravský kraj,30756,1002
2017,Z,66025059,25–59 let,CZ0644,Břeclav,CZ064,Jihomoravský kraj,15492,353
2017,Z,66025059,25–59 let,CZ0645,Hodonín,CZ064,Jihomoravský kraj,19021,479
2017,Z,66025059,25–59 let,CZ0646,Vyškov,CZ064,Jihomoravský kraj,12407,377
2017,Z,66025059,25–59 let,CZ0647,Znojmo,CZ064,Jihomoravský kraj,14718,316
2017,Z,66025059,25–59 let,CZ0711,Jeseník,CZ071,Olomoucký kraj,3529,137
2017,Z,66025059,25–59 let,CZ0712,Olomouc,CZ071,Olomoucký kraj,34234,1513
2017,Z,66025059,25–59 let,CZ0713,Prostějov,CZ071,Olomoucký kraj,15417,401
2017,Z,66025059,25–59 let,CZ0714,Přerov,CZ071,Olomoucký kraj,16764,511
2017,Z,66025059,25–59 let,CZ0715,Šumperk,CZ071,Olomoucký kraj,16041,606
2017,Z,66025059,25–59 let,CZ0721,Kroměříž,CZ072,Zlínský kraj,14132,230
2017,Z,66025059,25–59 let,CZ0722,Uherské Hradiště,CZ072,Zlínský kraj,18757,271
2017,Z,66025059,25–59 let,CZ0723,Vsetín,CZ072,Zlínský kraj,20169,630
2017,Z,66025059,25–59 let,CZ0724,Zlín,CZ072,Zlínský kraj,24830,508
2017,Z,66025059,25–59 let,CZ0801,Bruntál,CZ080,Moravskoslezský kraj,11801,407
2017,Z,66025059,25–59 let,CZ0802,Frýdek-Místek,CZ080,Moravskoslezský kraj,28754,1054
2017,Z,66025059,25–59 let,CZ0803,Karviná,CZ080,Moravskoslezský kraj,31134,1466
2017,Z,66025059,25–59 let,CZ0804,Nový Jičín,CZ080,Moravskoslezský kraj,20062,836
2017,Z,66025059,25–59 let,CZ0805,Opava,CZ080,Moravskoslezský kraj,25459,1005
2017,Z,66025059,25–59 let,CZ0806,Ostrava-město,CZ080,Moravskoslezský kraj,41668,2139
2018,Z,66025059,25–59 let,CZ0100,Praha,CZ010,Hlavní město Praha,172497,6330
2018,Z,66025059,25–59 let,CZ0201,Benešov,CZ020,Středočeský kraj,13257,411
2018,Z,66025059,25–59 let,CZ0202,Beroun,CZ020,Středočeský kraj,12481,393
2018,Z,66025059,25–59 let,CZ0203,Kladno,CZ020,Středočeský kraj,22280,632
2018,Z,66025059,25–59 let,CZ0204,Kolín,CZ020,Středočeský kraj,13686,401
2018,Z,66025059,25–59 let,CZ0205,Kutná Hora,CZ020,Středočeský kraj,9690,176
2018,Z,66025059,25–59 let,CZ0206,Mělník,CZ020,Středočeský kraj,14616,613
2018,Z,66025059,25–59 let,CZ0207,Mladá Boleslav,CZ020,Středočeský kraj,19322,862
2018,Z,66025059,25–59 let,CZ0208,Nymburk,CZ020,Středočeský kraj,13477,377
2018,Z,66025059,25–59 let,CZ0209,Praha-východ,CZ020,Středočeský kraj,25603,929
2018,Z,66025059,25–59 let,CZ020A,Praha-západ,CZ020,Středočeský kraj,20731,798
2018,Z,66025059,25–59 let,CZ020B,Příbram,CZ020,Středočeský kraj,16011,625
2018,Z,66025059,25–59 let,CZ020C,Rakovník,CZ020,Středočeský kraj,7770,262
2018,Z,66025059,25–59 let,CZ0311,České Budějovice,CZ031,Jihočeský kraj,29171,891
2018,Z,66025059,25–59 let,CZ0312,Český Krumlov,CZ031,Jihočeský kraj,8960,253
2018,Z,66025059,25–59 let,CZ0313,Jindřichův Hradec,CZ031,Jihočeský kraj,12779,298
2018,Z,66025059,25–59 let,CZ0314,Písek,CZ031,Jihočeský kraj,9318,258
2018,Z,66025059,25–59 let,CZ0315,Prachatice,CZ031,Jihočeský kraj,6435,171
2018,Z,66025059,25–59 let,CZ0316,Strakonice,CZ031,Jihočeský kraj,9062,254
2018,Z,66025059,25–59 let,CZ0317,Tábor,CZ031,Jihočeský kraj,14297,528
2018,Z,66025059,25–59 let,CZ0321,Domažlice,CZ032,Plzeňský kraj,8535,248
2018,Z,66025059,25–59 let,CZ0322,Klatovy,CZ032,Plzeňský kraj,11045,307
2018,Z,66025059,25–59 let,CZ0323,Plzeň-město,CZ032,Plzeňský kraj,26378,780
2018,Z,66025059,25–59 let,CZ0324,Plzeň-jih,CZ032,Plzeňský kraj,8662,226
2018,Z,66025059,25–59 let,CZ0325,Plzeň-sever,CZ032,Plzeňský kraj,11081,271
2018,Z,66025059,25–59 let,CZ0326,Rokycany,CZ032,Plzeňský kraj,6610,218
2018,Z,66025059,25–59 let,CZ0327,Tachov,CZ032,Plzeňský kraj,6990,224
2018,Z,66025059,25–59 let,CZ0411,Cheb,CZ041,Karlovarský kraj,11327,358
2018,Z,66025059,25–59 let,CZ0412,Karlovy Vary,CZ041,Karlovarský kraj,15348,529
2018,Z,66025059,25–59 let,CZ0413,Sokolov,CZ041,Karlovarský kraj,11992,475
2018,Z,66025059,25–59 let,CZ0421,Děčín,CZ042,Ústecký kraj,15564,559
2018,Z,66025059,25–59 let,CZ0422,Chomutov,CZ042,Ústecký kraj,16804,517
2018,Z,66025059,25–59 let,CZ0423,Litoměřice,CZ042,Ústecký kraj,16963,309
2018,Z,66025059,25–59 let,CZ0424,Louny,CZ042,Ústecký kraj,10952,305
2018,Z,66025059,25–59 let,CZ0425,Most,CZ042,Ústecký kraj,14156,443
2018,Z,66025059,25–59 let,CZ0426,Teplice,CZ042,Ústecký kraj,15971,422
2018,Z,66025059,25–59 let,CZ0427,Ústí nad Labem,CZ042,Ústecký kraj,15965,294
2018,Z,66025059,25–59 let,CZ0511,Česká Lípa,CZ051,Liberecký kraj,12658,420
2018,Z,66025059,25–59 let,CZ0512,Jablonec nad Nisou,CZ051,Liberecký kraj,11526,447
2018,Z,66025059,25–59 let,CZ0513,Liberec,CZ051,Liberecký kraj,22364,539
2018,Z,66025059,25–59 let,CZ0514,Semily,CZ051,Liberecký kraj,10155,344
2018,Z,66025059,25–59 let,CZ0521,Hradec Králové,CZ052,Královéhradecký kraj,21257,856
2018,Z,66025059,25–59 let,CZ0522,Jičín,CZ052,Královéhradecký kraj,10983,384
2018,Z,66025059,25–59 let,CZ0523,Náchod,CZ052,Královéhradecký kraj,15153,374
2018,Z,66025059,25–59 let,CZ0524,Rychnov nad Kněžnou,CZ052,Královéhradecký kraj,10509,223
2018,Z,66025059,25–59 let,CZ0525,Trutnov,CZ052,Královéhradecký kraj,14745,470
2018,Z,66025059,25–59 let,CZ0531,Chrudim,CZ053,Pardubický kraj,15258,368
2018,Z,66025059,25–59 let,CZ0532,Pardubice,CZ053,Pardubický kraj,23771,672
2018,Z,66025059,25–59 let,CZ0533,Svitavy,CZ053,Pardubický kraj,13897,500
2018,Z,66025059,25–59 let,CZ0534,Ústí nad Orlicí,CZ053,Pardubický kraj,19260,614
2018,Z,66025059,25–59 let,CZ0631,Havlíčkův Brod,CZ063,Vysočina,12903,291
2018,Z,66025059,25–59 let,CZ0632,Jihlava,CZ063,Vysočina,15589,378
2018,Z,66025059,25–59 let,CZ0633,Pelhřimov,CZ063,Vysočina,9817,185
2018,Z,66025059,25–59 let,CZ0634,Třebíč,CZ063,Vysočina,15460,381
2018,Z,66025059,25–59 let,CZ0635,Žďár nad Sázavou,CZ063,Vysočina,15697,391
2018,Z,66025059,25–59 let,CZ0641,Blansko,CZ064,Jihomoravský kraj,13869,382
2018,Z,66025059,25–59 let,CZ0642,Brno-město,CZ064,Jihomoravský kraj,52892,1658
2018,Z,66025059,25–59 let,CZ0643,Brno-venkov,CZ064,Jihomoravský kraj,30986,988
2018,Z,66025059,25–59 let,CZ0644,Břeclav,CZ064,Jihomoravský kraj,15644,338
2018,Z,66025059,25–59 let,CZ0645,Hodonín,CZ064,Jihomoravský kraj,19533,507
2018,Z,66025059,25–59 let,CZ0646,Vyškov,CZ064,Jihomoravský kraj,12471,386
2018,Z,66025059,25–59 let,CZ0647,Znojmo,CZ064,Jihomoravský kraj,14362,300
2018,Z,66025059,25–59 let,CZ0711,Jeseník,CZ071,Olomoucký kraj,3673,145
2018,Z,66025059,25–59 let,CZ0712,Olomouc,CZ071,Olomoucký kraj,34269,1443
2018,Z,66025059,25–59 let,CZ0713,Prostějov,CZ071,Olomoucký kraj,15470,462
2018,Z,66025059,25–59 let,CZ0714,Přerov,CZ071,Olomoucký kraj,16969,723
2018,Z,66025059,25–59 let,CZ0715,Šumperk,CZ071,Olomoucký kraj,16766,589
2018,Z,66025059,25–59 let,CZ0721,Kroměříž,CZ072,Zlínský kraj,13888,297
2018,Z,66025059,25–59 let,CZ0722,Uherské Hradiště,CZ072,Zlínský kraj,18561,259
2018,Z,66025059,25–59 let,CZ0723,Vsetín,CZ072,Zlínský kraj,20091,582
2018,Z,66025059,25–59 let,CZ0724,Zlín,CZ072,Zlínský kraj,25028,568
2018,Z,66025059,25–59 let,CZ0801,Bruntál,CZ080,Moravskoslezský kraj,11611,403
2018,Z,66025059,25–59 let,CZ0802,Frýdek-Místek,CZ080,Moravskoslezský kraj,28145,879
2018,Z,66025059,25–59 let,CZ0803,Karviná,CZ080,Moravskoslezský kraj,30731,1226
2018,Z,66025059,25–59 let,CZ0804,Nový Jičín,CZ080,Moravskoslezský kraj,19610,805
2018,Z,66025059,25–59 let,CZ0805,Opava,CZ080,Moravskoslezský kraj,24906,928
2018,Z,66025059,25–59 let,CZ0806,Ostrava-město,CZ080,Moravskoslezský kraj,41444,1980
2019,Z,66025059,25–59 let,CZ0100,Praha,CZ010,Hlavní město Praha,178140,6955
2019,Z,66025059,25–59 let,CZ0201,Benešov,CZ020,Středočeský kraj,13418,404
2019,Z,66025059,25–59 let,CZ0202,Beroun,CZ020,Středočeský kraj,13082,368
2019,Z,66025059,25–59 let,CZ0203,Kladno,CZ020,Středočeský kraj,22744,673
2019,Z,66025059,25–59 let,CZ0204,Kolín,CZ020,Středočeský kraj,14322,455
2019,Z,66025059,25–59 let,CZ0205,Kutná Hora,CZ020,Středočeský kraj,10228,201
2019,Z,66025059,25–59 let,CZ0206,Mělník,CZ020,Středočeský kraj,14965,626
2019,Z,66025059,25–59 let,CZ0207,Mladá Boleslav,CZ020,Středočeský kraj,19984,751
2019,Z,66025059,25–59 let,CZ0208,Nymburk,CZ020,Středočeský kraj,13822,408
2019,Z,66025059,25–59 let,CZ0209,Praha-východ,CZ020,Středočeský kraj,26679,1088
2019,Z,66025059,25–59 let,CZ020A,Praha-západ,CZ020,Středočeský kraj,21397,855
2019,Z,66025059,25–59 let,CZ020B,Příbram,CZ020,Středočeský kraj,15836,854
2019,Z,66025059,25–59 let,CZ020C,Rakovník,CZ020,Středočeský kraj,8014,282
2019,Z,66025059,25–59 let,CZ0311,České Budějovice,CZ031,Jihočeský kraj,29762,866
2019,Z,66025059,25–59 let,CZ0312,Český Krumlov,CZ031,Jihočeský kraj,9072,256
2019,Z,66025059,25–59 let,CZ0313,Jindřichův Hradec,CZ031,Jihočeský kraj,12613,259
2019,Z,66025059,25–59 let,CZ0314,Písek,CZ031,Jihočeský kraj,9492,282
2019,Z,66025059,25–59 let,CZ0315,Prachatice,CZ031,Jihočeský kraj,6442,188
2019,Z,66025059,25–59 let,CZ0316,Strakonice,CZ031,Jihočeský kraj,9033,264
2019,Z,66025059,25–59 let,CZ0317,Tábor,CZ031,Jihočeský kraj,14475,490
2019,Z,66025059,25–59 let,CZ0321,Domažlice,CZ032,Plzeňský kraj,8790,224
2019,Z,66025059,25–59 let,CZ0322,Klatovy,CZ032,Plzeňský kraj,10977,375
2019,Z,66025059,25–59 let,CZ0323,Plzeň-město,CZ032,Plzeňský kraj,26833,761
2019,Z,66025059,25–59 let,CZ0324,Plzeň-jih,CZ032,Plzeňský kraj,8721,235
2019,Z,66025059,25–59 let,CZ0325,Plzeň-sever,CZ032,Plzeňský kraj,11526,311
2019,Z,66025059,25–59 let,CZ0326,Rokycany,CZ032,Plzeňský kraj,6650,212
2019,Z,66025059,25–59 let,CZ0327,Tachov,CZ032,Plzeňský kraj,7153,231
2019,Z,66025059,25–59 let,CZ0411,Cheb,CZ041,Karlovarský kraj,11135,374
2019,Z,66025059,25–59 let,CZ0412,Karlovy Vary,CZ041,Karlovarský kraj,15430,575
2019,Z,66025059,25–59 let,CZ0413,Sokolov,CZ041,Karlovarský kraj,12080,548
2019,Z,66025059,25–59 let,CZ0421,Děčín,CZ042,Ústecký kraj,15888,540
2019,Z,66025059,25–59 let,CZ0422,Chomutov,CZ042,Ústecký kraj,16906,528
2019,Z,66025059,25–59 let,CZ0423,Litoměřice,CZ042,Ústecký kraj,16840,310
2019,Z,66025059,25–59 let,CZ0424,Louny,CZ042,Ústecký kraj,10945,311
2019,Z,66025059,25–59 let,CZ0425,Most,CZ042,Ústecký kraj,14040,478
2019,Z,66025059,25–59 let,CZ0426,Teplice,CZ042,Ústecký kraj,16562,528
2019,Z,66025059,25–59 let,CZ0427,Ústí nad Labem,CZ042,Ústecký kraj,16068,322
2019,Z,66025059,25–59 let,CZ0511,Česká Lípa,CZ051,Liberecký kraj,12338,404
2019,Z,66025059,25–59 let,CZ0512,Jablonec nad Nisou,CZ051,Liberecký kraj,11458,411
2019,Z,66025059,25–59 let,CZ0513,Liberec,CZ051,Liberecký kraj,22534,565
2019,Z,66025059,25–59 let,CZ0514,Semily,CZ051,Liberecký kraj,10113,316
2019,Z,66025059,25–59 let,CZ0521,Hradec Králové,CZ052,Královéhradecký kraj,22309,965
2019,Z,66025059,25–59 let,CZ0522,Jičín,CZ052,Královéhradecký kraj,11217,438
2019,Z,66025059,25–59 let,CZ0523,Náchod,CZ052,Královéhradecký kraj,15395,396
2019,Z,66025059,25–59 let,CZ0524,Rychnov nad Kněžnou,CZ052,Královéhradecký kraj,10952,284
2019,Z,66025059,25–59 let,CZ0525,Trutnov,CZ052,Královéhradecký kraj,14981,539
2019,Z,66025059,25–59 let,CZ0531,Chrudim,CZ053,Pardubický kraj,15619,412
2019,Z,66025059,25–59 let,CZ0532,Pardubice,CZ053,Pardubický kraj,24828,727
2019,Z,66025059,25–59 let,CZ0533,Svitavy,CZ053,Pardubický kraj,14172,480
2019,Z,66025059,25–59 let,CZ0534,Ústí nad Orlicí,CZ053,Pardubický kraj,19305,575
2019,Z,66025059,25–59 let,CZ0631,Havlíčkův Brod,CZ063,Vysočina,13316,306
2019,Z,66025059,25–59 let,CZ0632,Jihlava,CZ063,Vysočina,15726,396
2019,Z,66025059,25–59 let,CZ0633,Pelhřimov,CZ063,Vysočina,9933,174
2019,Z,66025059,25–59 let,CZ0634,Třebíč,CZ063,Vysočina,15699,385
2019,Z,66025059,25–59 let,CZ0635,Žďár nad Sázavou,CZ063,Vysočina,15558,375
2019,Z,66025059,25–59 let,CZ0641,Blansko,CZ064,Jihomoravský kraj,14267,403
2019,Z,66025059,25–59 let,CZ0642,Brno-město,CZ064,Jihomoravský kraj,53807,1722
2019,Z,66025059,25–59 let,CZ0643,Brno-venkov,CZ064,Jihomoravský kraj,31581,1043
2019,Z,66025059,25–59 let,CZ0644,Břeclav,CZ064,Jihomoravský kraj,16039,377
2019,Z,66025059,25–59 let,CZ0645,Hodonín,CZ064,Jihomoravský kraj,19533,466
2019,Z,66025059,25–59 let,CZ0646,Vyškov,CZ064,Jihomoravský kraj,12569,384
2019,Z,66025059,25–59 let,CZ0647,Znojmo,CZ064,Jihomoravský kraj,14871,351
2019,Z,66025059,25–59 let,CZ0711,Jeseník,CZ071,Olomoucký kraj,3790,140
2019,Z,66025059,25–59 let,CZ0712,Olomouc,CZ071,Olomoucký kraj,34978,1142
2019,Z,66025059,25–59 let,CZ0713,Prostějov,CZ071,Olomoucký kraj,15419,433
2019,Z,66025059,25–59 let,CZ0714,Přerov,CZ071,Olomoucký kraj,17202,640
2019,Z,66025059,25–59 let,CZ0715,Šumperk,CZ071,Olomoucký kraj,17552,538
2019,Z,66025059,25–59 let,CZ0721,Kroměříž,CZ072,Zlínský kraj,14078,273
2019,Z,66025059,25–59 let,CZ0722,Uherské Hradiště,CZ072,Zlínský kraj,18905,295
2019,Z,66025059,25–59 let,CZ0723,Vsetín,CZ072,Zlínský kraj,20137,563
2019,Z,66025059,25–59 let,CZ0724,Zlín,CZ072,Zlínský kraj,25498,615
2019,Z,66025059,25–59 let,CZ0801,Bruntál,CZ080,Moravskoslezský kraj,11887,485
2019,Z,66025059,25–59 let,CZ0802,Frýdek-Místek,CZ080,Moravskoslezský kraj,29623,1050
2019,Z,66025059,25–59 let,CZ0803,Karviná,CZ080,Moravskoslezský kraj,31831,1344
2019,Z,66025059,25–59 let,CZ0804,Nový Jičín,CZ080,Moravskoslezský kraj,20204,830
2019,Z,66025059,25–59 let,CZ0805,Opava,CZ080,Moravskoslezský kraj,25910,1173
2019,Z,66025059,25–59 let,CZ0806,Ostrava-město,CZ080,Moravskoslezský kraj,42514,2020
2020,Z,66025059,25–59 let,CZ0100,Praha,CZ010,Hlavní město Praha,169475,7040
2020,Z,66025059,25–59 let,CZ0201,Benešov,CZ020,Středočeský kraj,12556,371
2020,Z,66025059,25–59 let,CZ0202,Beroun,CZ020,Středočeský kraj,12189,349
2020,Z,66025059,25–59 let,CZ0203,Kladno,CZ020,Středočeský kraj,21822,682
2020,Z,66025059,25–59 let,CZ0204,Kolín,CZ020,Středočeský kraj,13507,411
2020,Z,66025059,25–59 let,CZ0205,Kutná Hora,CZ020,Středočeský kraj,9779,234
2020,Z,66025059,25–59 let,CZ0206,Mělník,CZ020,Středočeský kraj,13882,581
2020,Z,66025059,25–59 let,CZ0207,Mladá Boleslav,CZ020,Středočeský kraj,19306,745
2020,Z,66025059,25–59 let,CZ0208,Nymburk,CZ020,Středočeský kraj,13426,405
2020,Z,66025059,25–59 let,CZ0209,Praha-východ,CZ020,Středočeský kraj,25791,1089
2020,Z,66025059,25–59 let,CZ020A,Praha-západ,CZ020,Středočeský kraj,20655,838
2020,Z,66025059,25–59 let,CZ020B,Příbram,CZ020,Středočeský kraj,15168,815
2020,Z,66025059,25–59 let,CZ020C,Rakovník,CZ020,Středočeský kraj,7599,276
2020,Z,66025059,25–59 let,CZ0311,České Budějovice,CZ031,Jihočeský kraj,28267,911
2020,Z,66025059,25–59 let,CZ0312,Český Krumlov,CZ031,Jihočeský kraj,8500,264
2020,Z,66025059,25–59 let,CZ0313,Jindřichův Hradec,CZ031,Jihočeský kraj,11790,293
2020,Z,66025059,25–59 let,CZ0314,Písek,CZ031,Jihočeský kraj,8802,263
2020,Z,66025059,25–59 let,CZ0315,Prachatice,CZ031,Jihočeský kraj,5871,191
2020,Z,66025059,25–59 let,CZ0316,Strakonice,CZ031,Jihočeský kraj,8381,260
2020,Z,66025059,25–59 let,CZ0317,Tábor,CZ031,Jihočeský kraj,13529,447
2020,Z,66025059,25–59 let,CZ0321,Domažlice,CZ032,Plzeňský kraj,8418,193
2020,Z,66025059,25–59 let,CZ0322,Klatovy,CZ032,Plzeňský kraj,10232,338
2020,Z,66025059,25–59 let,CZ0323,Plzeň-město,CZ032,Plzeňský kraj,24945,792
2020,Z,66025059,25–59 let,CZ0324,Plzeň-jih,CZ032,Plzeňský kraj,8149,231
2020,Z,66025059,25–59 let,CZ0325,Plzeň-sever,CZ032,Plzeňský kraj,10641,307
2020,Z,66025059,25–59 let,CZ0326,Rokycany,CZ032,Plzeňský kraj,6299,186
2020,Z,66025059,25–59 let,CZ0327,Tachov,CZ032,Plzeňský kraj,6662,203
2020,Z,66025059,25–59 let,CZ0411,Cheb,CZ041,Karlovarský kraj,10792,336
2020,Z,66025059,25–59 let,CZ0412,Karlovy Vary,CZ041,Karlovarský kraj,14576,615
2020,Z,66025059,25–59 let,CZ0413,Sokolov,CZ041,Karlovarský kraj,11162,508
2020,Z,66025059,25–59 let,CZ0421,Děčín,CZ042,Ústecký kraj,15064,477
2020,Z,66025059,25–59 let,CZ0422,Chomutov,CZ042,Ústecký kraj,15493,475
2020,Z,66025059,25–59 let,CZ0423,Litoměřice,CZ042,Ústecký kraj,16146,365
2020,Z,66025059,25–59 let,CZ0424,Louny,CZ042,Ústecký kraj,10553,314
2020,Z,66025059,25–59 let,CZ0425,Most,CZ042,Ústecký kraj,12897,424
2020,Z,66025059,25–59 let,CZ0426,Teplice,CZ042,Ústecký kraj,16175,502
2020,Z,66025059,25–59 let,CZ0427,Ústí nad Labem,CZ042,Ústecký kraj,15020,289
2020,Z,66025059,25–59 let,CZ0511,Česká Lípa,CZ051,Liberecký kraj,11484,368
2020,Z,66025059,25–59 let,CZ0512,Jablonec nad Nisou,CZ051,Liberecký kraj,10493,392
2020,Z,66025059,25–59 let,CZ0513,Liberec,CZ051,Liberecký kraj,21081,543
2020,Z,66025059,25–59 let,CZ0514,Semily,CZ051,Liberecký kraj,9609,345
2020,Z,66025059,25–59 let,CZ0521,Hradec Králové,CZ052,Královéhradecký kraj,21197,785
2020,Z,66025059,25–59 let,CZ0522,Jičín,CZ052,Královéhradecký kraj,10896,453
2020,Z,66025059,25–59 let,CZ0523,Náchod,CZ052,Královéhradecký kraj,14438,324
2020,Z,66025059,25–59 let,CZ0524,Rychnov nad Kněžnou,CZ052,Královéhradecký kraj,10370,243
2020,Z,66025059,25–59 let,CZ0525,Trutnov,CZ052,Královéhradecký kraj,14079,497
2020,Z,66025059,25–59 let,CZ0531,Chrudim,CZ053,Pardubický kraj,15001,336
2020,Z,66025059,25–59 let,CZ0532,Pardubice,CZ053,Pardubický kraj,23448,622
2020,Z,66025059,25–59 let,CZ0533,Svitavy,CZ053,Pardubický kraj,13115,366
2020,Z,66025059,25–59 let,CZ0534,Ústí nad Orlicí,CZ053,Pardubický kraj,17908,506
2020,Z,66025059,25–59 let,CZ0631,Havlíčkův Brod,CZ063,Vysočina,12561,250
2020,Z,66025059,25–59 let,CZ0632,Jihlava,CZ063,Vysočina,14843,433
2020,Z,66025059,25–59 let,CZ0633,Pelhřimov,CZ063,Vysočina,8856,182
2020,Z,66025059,25–59 let,CZ0634,Třebíč,CZ063,Vysočina,14479,392
2020,Z,66025059,25–59 let,CZ0635,Žďár nad Sázavou,CZ063,Vysočina,14582,391
2020,Z,66025059,25–59 let,CZ0641,Blansko,CZ064,Jihomoravský kraj,13103,374
2020,Z,66025059,25–59 let,CZ0642,Brno-město,CZ064,Jihomoravský kraj,50638,1866
2020,Z,66025059,25–59 let,CZ0643,Brno-venkov,CZ064,Jihomoravský kraj,30204,1165
2020,Z,66025059,25–59 let,CZ0644,Břeclav,CZ064,Jihomoravský kraj,15152,442
2020,Z,66025059,25–59 let,CZ0645,Hodonín,CZ064,Jihomoravský kraj,18428,514
2020,Z,66025059,25–59 let,CZ0646,Vyškov,CZ064,Jihomoravský kraj,11972,430
2020,Z,66025059,25–59 let,CZ0647,Znojmo,CZ064,Jihomoravský kraj,14148,362
2020,Z,66025059,25–59 let,CZ0711,Jeseník,CZ071,Olomoucký kraj,3368,142
2020,Z,66025059,25–59 let,CZ0712,Olomouc,CZ071,Olomoucký kraj,32512,1037
2020,Z,66025059,25–59 let,CZ0713,Prostějov,CZ071,Olomoucký kraj,14970,431
2020,Z,66025059,25–59 let,CZ0714,Přerov,CZ071,Olomoucký kraj,15892,512
2020,Z,66025059,25–59 let,CZ0715,Šumperk,CZ071,Olomoucký kraj,15946,524
2020,Z,66025059,25–59 let,CZ0721,Kroměříž,CZ072,Zlínský kraj,12807,255
2020,Z,66025059,25–59 let,CZ0722,Uherské Hradiště,CZ072,Zlínský kraj,17655,301
2020,Z,66025059,25–59 let,CZ0723,Vsetín,CZ072,Zlínský kraj,18954,493
2020,Z,66025059,25–59 let,CZ0724,Zlín,CZ072,Zlínský kraj,24066,521
2020,Z,66025059,25–59 let,CZ0801,Bruntál,CZ080,Moravskoslezský kraj,10967,463
2020,Z,66025059,25–59 let,CZ0802,Frýdek-Místek,CZ080,Moravskoslezský kraj,29030,996
2020,Z,66025059,25–59 let,CZ0803,Karviná,CZ080,Moravskoslezský kraj,29779,1218
2020,Z,66025059,25–59 let,CZ0804,Nový Jičín,CZ080,Moravskoslezský kraj,18888,631
2020,Z,66025059,25–59 let,CZ0805,Opava,CZ080,Moravskoslezský kraj,24546,1030
2020,Z,66025059,25–59 let,CZ0806,Ostrava-město,CZ080,Moravskoslezský kraj,40723,1801
2021,Z,66025059,25–59 let,CZ0100,Praha,CZ010,Hlavní město Praha,176162,6798
2021,Z,66025059,25–59 let,CZ0201,Benešov,CZ020,Středočeský kraj,13290,435
2021,Z,66025059,25–59 let,CZ0202,Beroun,CZ020,Středočeský kraj,13114,372
2021,Z,66025059,25–59 let,CZ0203,Kladno,CZ020,Středočeský kraj,22784,703
2021,Z,66025059,25–59 let,CZ0204,Kolín,CZ020,Středočeský kraj,14511,424
2021,Z,66025059,25–59 let,CZ0205,Kutná Hora,CZ020,Středočeský kraj,10020,256
2021,Z,66025059,25–59 let,CZ0206,Mělník,CZ020,Středočeský kraj,14851,547
2021,Z,66025059,25–59 let,CZ0207,Mladá Boleslav,CZ020,Středočeský kraj,19608,675
2021,Z,66025059,25–59 let,CZ0208,Nymburk,CZ020,Středočeský kraj,13938,416
2021,Z,66025059,25–59 let,CZ0209,Praha-východ,CZ020,Středočeský kraj,27336,1037
2021,Z,66025059,25–59 let,CZ020A,Praha-západ,CZ020,Středočeský kraj,21852,862
2021,Z,66025059,25–59 let,CZ020B,Příbram,CZ020,Středočeský kraj,16146,560
2021,Z,66025059,25–59 let,CZ020C,Rakovník,CZ020,Středočeský kraj,7760,310
2021,Z,66025059,25–59 let,CZ0311,České Budějovice,CZ031,Jihočeský kraj,29212,828
2021,Z,66025059,25–59 let,CZ0312,Český Krumlov,CZ031,Jihočeský kraj,8876,256
2021,Z,66025059,25–59 let,CZ0313,Jindřichův Hradec,CZ031,Jihočeský kraj,12751,299
2021,Z,66025059,25–59 let,CZ0314,Písek,CZ031,Jihočeský kraj,9626,316
2021,Z,66025059,25–59 let,CZ0315,Prachatice,CZ031,Jihočeský kraj,6130,192
2021,Z,66025059,25–59 let,CZ0316,Strakonice,CZ031,Jihočeský kraj,9014,239
2021,Z,66025059,25–59 let,CZ0317,Tábor,CZ031,Jihočeský kraj,13936,397
2021,Z,66025059,25–59 let,CZ0321,Domažlice,CZ032,Plzeňský kraj,8058,194
2021,Z,66025059,25–59 let,CZ0322,Klatovy,CZ032,Plzeňský kraj,10876,356
2021,Z,66025059,25–59 let,CZ0323,Plzeň-město,CZ032,Plzeňský kraj,26360,776
2021,Z,66025059,25–59 let,CZ0324,Plzeň-jih,CZ032,Plzeňský kraj,9621,277
2021,Z,66025059,25–59 let,CZ0325,Plzeň-sever,CZ032,Plzeňský kraj,11339,354
2021,Z,66025059,25–59 let,CZ0326,Rokycany,CZ032,Plzeňský kraj,6646,204
2021,Z,66025059,25–59 let,CZ0327,Tachov,CZ032,Plzeňský kraj,6979,216
2021,Z,66025059,25–59 let,CZ0411,Cheb,CZ041,Karlovarský kraj,11119,331
2021,Z,66025059,25–59 let,CZ0412,Karlovy Vary,CZ041,Karlovarský kraj,14739,483
2021,Z,66025059,25–59 let,CZ0413,Sokolov,CZ041,Karlovarský kraj,11416,478
2021,Z,66025059,25–59 let,CZ0421,Děčín,CZ042,Ústecký kraj,15669,436
2021,Z,66025059,25–59 let,CZ0422,Chomutov,CZ042,Ústecký kraj,16611,490
2021,Z,66025059,25–59 let,CZ0423,Litoměřice,CZ042,Ústecký kraj,16429,373
2021,Z,66025059,25–59 let,CZ0424,Louny,CZ042,Ústecký kraj,10962,406
2021,Z,66025059,25–59 let,CZ0425,Most,CZ042,Ústecký kraj,13316,435
2021,Z,66025059,25–59 let,CZ0426,Teplice,CZ042,Ústecký kraj,16794,540
2021,Z,66025059,25–59 let,CZ0427,Ústí nad Labem,CZ042,Ústecký kraj,15550,333
2021,Z,66025059,25–59 let,CZ0511,Česká Lípa,CZ051,Liberecký kraj,12368,331
2021,Z,66025059,25–59 let,CZ0512,Jablonec nad Nisou,CZ051,Liberecký kraj,11146,370
2021,Z,66025059,25–59 let,CZ0513,Liberec,CZ051,Liberecký kraj,21122,567
2021,Z,66025059,25–59 let,CZ0514,Semily,CZ051,Liberecký kraj,9626,295
2021,Z,66025059,25–59 let,CZ0521,Hradec Králové,CZ052,Královéhradecký kraj,22005,871
2021,Z,66025059,25–59 let,CZ0522,Jičín,CZ052,Královéhradecký kraj,11061,405
2021,Z,66025059,25–59 let,CZ0523,Náchod,CZ052,Královéhradecký kraj,15106,342
2021,Z,66025059,25–59 let,CZ0524,Rychnov nad Kněžnou,CZ052,Královéhradecký kraj,10510,245
2021,Z,66025059,25–59 let,CZ0525,Trutnov,CZ052,Královéhradecký kraj,14954,479
2021,Z,66025059,25–59 let,CZ0531,Chrudim,CZ053,Pardubický kraj,15019,335
2021,Z,66025059,25–59 let,CZ0532,Pardubice,CZ053,Pardubický kraj,24295,576
2021,Z,66025059,25–59 let,CZ0533,Svitavy,CZ053,Pardubický kraj,13897,403
2021,Z,66025059,25–59 let,CZ0534,Ústí nad Orlicí,CZ053,Pardubický kraj,18820,452
2021,Z,66025059,25–59 let,CZ0631,Havlíčkův Brod,CZ063,Vysočina,12816,360
2021,Z,66025059,25–59 let,CZ0632,Jihlava,CZ063,Vysočina,15189,417
2021,Z,66025059,25–59 let,CZ0633,Pelhřimov,CZ063,Vysočina,9910,184
2021,Z,66025059,25–59 let,CZ0634,Třebíč,CZ063,Vysočina,14996,438
2021,Z,66025059,25–59 let,CZ0635,Žďár nad Sázavou,CZ063,Vysočina,15116,550
2021,Z,66025059,25–59 let,CZ0641,Blansko,CZ064,Jihomoravský kraj,13980,472
2021,Z,66025059,25–59 let,CZ0642,Brno-město,CZ064,Jihomoravský kraj,53208,2319
2021,Z,66025059,25–59 let,CZ0643,Brno-venkov,CZ064,Jihomoravský kraj,31667,1409
2021,Z,66025059,25–59 let,CZ0644,Břeclav,CZ064,Jihomoravský kraj,15369,499
2021,Z,66025059,25–59 let,CZ0645,Hodonín,CZ064,Jihomoravský kraj,19254,636
2021,Z,66025059,25–59 let,CZ0646,Vyškov,CZ064,Jihomoravský kraj,12751,482
2021,Z,66025059,25–59 let,CZ0647,Znojmo,CZ064,Jihomoravský kraj,14583,406
2021,Z,66025059,25–59 let,CZ0711,Jeseník,CZ071,Olomoucký kraj,3583,151
2021,Z,66025059,25–59 let,CZ0712,Olomouc,CZ071,Olomoucký kraj,33580,1170
2021,Z,66025059,25–59 let,CZ0713,Prostějov,CZ071,Olomoucký kraj,14943,381
2021,Z,66025059,25–59 let,CZ0714,Přerov,CZ071,Olomoucký kraj,16526,568
2021,Z,66025059,25–59 let,CZ0715,Šumperk,CZ071,Olomoucký kraj,16116,480
2021,Z,66025059,25–59 let,CZ0721,Kroměříž,CZ072,Zlínský kraj,13735,237
2021,Z,66025059,25–59 let,CZ0722,Uherské Hradiště,CZ072,Zlínský kraj,18480,342
2021,Z,66025059,25–59 let,CZ0723,Vsetín,CZ072,Zlínský kraj,19074,507
2021,Z,66025059,25–59 let,CZ0724,Zlín,CZ072,Zlínský kraj,24353,519
2021,Z,66025059,25–59 let,CZ0801,Bruntál,CZ080,Moravskoslezský kraj,11225,524
2021,Z,66025059,25–59 let,CZ0802,Frýdek-Místek,CZ080,Moravskoslezský kraj,30299,827
2021,Z,66025059,25–59 let,CZ0803,Karviná,CZ080,Moravskoslezský kraj,31313,1095
2021,Z,66025059,25–59 let,CZ0804,Nový Jičín,CZ080,Moravskoslezský kraj,20294,615
2021,Z,66025059,25–59 let,CZ0805,Opava,CZ080,Moravskoslezský kraj,25131,1146
2021,Z,66025059,25–59 let,CZ0806,Ostrava-město,CZ080,Moravskoslezský kraj,41787,1534
2022,Z,66025059,25–59 let,CZ0100,Praha,CZ010,Hlavní město Praha,179008,6819
2022,Z,66025059,25–59 let,CZ0201,Benešov,CZ020,Středočeský kraj,13384,425
2022,Z,66025059,25–59 let,CZ0202,Beroun,CZ020,Středočeský kraj,13562,447
2022,Z,66025059,25–59 let,CZ0203,Kladno,CZ020,Středočeský kraj,23248,709
2022,Z,66025059,25–59 let,CZ0204,Kolín,CZ020,Středočeský kraj,14770,466
2022,Z,66025059,25–59 let,CZ0205,Kutná Hora,CZ020,Středočeský kraj,10048,376
2022,Z,66025059,25–59 let,CZ0206,Mělník,CZ020,Středočeský kraj,15228,540
2022,Z,66025059,25–59 let,CZ0207,Mladá Boleslav,CZ020,Středočeský kraj,20027,732
2022,Z,66025059,25–59 let,CZ0208,Nymburk,CZ020,Středočeský kraj,14226,379
2022,Z,66025059,25–59 let,CZ0209,Praha-východ,CZ020,Středočeský kraj,28377,1043
2022,Z,66025059,25–59 let,CZ020A,Praha-západ,CZ020,Středočeský kraj,22371,834
2022,Z,66025059,25–59 let,CZ020B,Příbram,CZ020,Středočeský kraj,16034,518
2022,Z,66025059,25–59 let,CZ020C,Rakovník,CZ020,Středočeský kraj,7904,216
2022,Z,66025059,25–59 let,CZ0311,České Budějovice,CZ031,Jihočeský kraj,30117,851
2022,Z,66025059,25–59 let,CZ0312,Český Krumlov,CZ031,Jihočeský kraj,8724,257
2022,Z,66025059,25–59 let,CZ0313,Jindřichův Hradec,CZ031,Jihočeský kraj,12177,294
2022,Z,66025059,25–59 let,CZ0314,Písek,CZ031,Jihočeský kraj,9834,345
2022,Z,66025059,25–59 let,CZ0315,Prachatice,CZ031,Jihočeský kraj,6235,187
2022,Z,66025059,25–59 let,CZ0316,Strakonice,CZ031,Jihočeský kraj,9265,247
2022,Z,66025059,25–59 let,CZ0317,Tábor,CZ031,Jihočeský kraj,14429,497
2022,Z,66025059,25–59 let,CZ0321,Domažlice,CZ032,Plzeňský kraj,8132,205
2022,Z,66025059,25–59 let,CZ0322,Klatovy,CZ032,Plzeňský kraj,11115,351
2022,Z,66025059,25–59 let,CZ0323,Plzeň-město,CZ032,Plzeňský kraj,26902,864
2022,Z,66025059,25–59 let,CZ0324,Plzeň-jih,CZ032,Plzeňský kraj,9688,286
2022,Z,66025059,25–59 let,CZ0325,Plzeň-sever,CZ032,Plzeňský kraj,11630,358
2022,Z,66025059,25–59 let,CZ0326,Rokycany,CZ032,Plzeňský kraj,6641,251
2022,Z,66025059,25–59 let,CZ0327,Tachov,CZ032,Plzeňský kraj,7196,234
2022,Z,66025059,25–59 let,CZ0411,Cheb,CZ041,Karlovarský kraj,11218,401
2022,Z,66025059,25–59 let,CZ0412,Karlovy Vary,CZ041,Karlovarský kraj,14777,474
2022,Z,66025059,25–59 let,CZ0413,Sokolov,CZ041,Karlovarský kraj,11324,426
2022,Z,66025059,25–59 let,CZ0421,Děčín,CZ042,Ústecký kraj,16118,461
2022,Z,66025059,25–59 let,CZ0422,Chomutov,CZ042,Ústecký kraj,16523,590
2022,Z,66025059,25–59 let,CZ0423,Litoměřice,CZ042,Ústecký kraj,16775,565
2022,Z,66025059,25–59 let,CZ0424,Louny,CZ042,Ústecký kraj,11068,438
2022,Z,66025059,25–59 let,CZ0425,Most,CZ042,Ústecký kraj,13357,412
2022,Z,66025059,25–59 let,CZ0426,Teplice,CZ042,Ústecký kraj,17050,551
2022,Z,66025059,25–59 let,CZ0427,Ústí nad Labem,CZ042,Ústecký kraj,15969,357
2022,Z,66025059,25–59 let,CZ0511,Česká Lípa,CZ051,Liberecký kraj,12382,298
2022,Z,66025059,25–59 let,CZ0512,Jablonec nad Nisou,CZ051,Liberecký kraj,11368,441
2022,Z,66025059,25–59 let,CZ0513,Liberec,CZ051,Liberecký kraj,23059,723
2022,Z,66025059,25–59 let,CZ0514,Semily,CZ051,Liberecký kraj,9586,362
2022,Z,66025059,25–59 let,CZ0521,Hradec Králové,CZ052,Královéhradecký kraj,22263,591
2022,Z,66025059,25–59 let,CZ0522,Jičín,CZ052,Královéhradecký kraj,11004,411
2022,Z,66025059,25–59 let,CZ0523,Náchod,CZ052,Královéhradecký kraj,14619,281
2022,Z,66025059,25–59 let,CZ0524,Rychnov nad Kněžnou,CZ052,Královéhradecký kraj,10594,186
2022,Z,66025059,25–59 let,CZ0525,Trutnov,CZ052,Královéhradecký kraj,14899,401
2022,Z,66025059,25–59 let,CZ0531,Chrudim,CZ053,Pardubický kraj,15133,357
2022,Z,66025059,25–59 let,CZ0532,Pardubice,CZ053,Pardubický kraj,24742,503
2022,Z,66025059,25–59 let,CZ0533,Svitavy,CZ053,Pardubický kraj,14071,453
2022,Z,66025059,25–59 let,CZ0534,Ústí nad Orlicí,CZ053,Pardubický kraj,18809,443
2022,Z,66025059,25–59 let,CZ0631,Havlíčkův Brod,CZ063,Vysočina,12667,356
2022,Z,66025059,25–59 let,CZ0632,Jihlava,CZ063,Vysočina,15489,467
2022,Z,66025059,25–59 let,CZ0633,Pelhřimov,CZ063,Vysočina,10009,218
2022,Z,66025059,25–59 let,CZ0634,Třebíč,CZ063,Vysočina,14992,421
2022,Z,66025059,25–59 let,CZ0635,Žďár nad Sázavou,CZ063,Vysočina,15566,884
2022,Z,66025059,25–59 let,CZ0641,Blansko,CZ064,Jihomoravský kraj,14202,498
2022,Z,66025059,25–59 let,CZ0642,Brno-město,CZ064,Jihomoravský kraj,53431,2289
2022,Z,66025059,25–59 let,CZ0643,Brno-venkov,CZ064,Jihomoravský kraj,32547,1434
2022,Z,66025059,25–59 let,CZ0644,Břeclav,CZ064,Jihomoravský kraj,15823,491
2022,Z,66025059,25–59 let,CZ0645,Hodonín,CZ064,Jihomoravský kraj,19137,667
2022,Z,66025059,25–59 let,CZ0646,Vyškov,CZ064,Jihomoravský kraj,12820,516
2022,Z,66025059,25–59 let,CZ0647,Znojmo,CZ064,Jihomoravský kraj,14976,401
2022,Z,66025059,25–59 let,CZ0711,Jeseník,CZ071,Olomoucký kraj,3547,172
2022,Z,66025059,25–59 let,CZ0712,Olomouc,CZ071,Olomoucký kraj,34371,1023
2022,Z,66025059,25–59 let,CZ0713,Prostějov,CZ071,Olomoucký kraj,15033,411
2022,Z,66025059,25–59 let,CZ0714,Přerov,CZ071,Olomoucký kraj,16795,478
2022,Z,66025059,25–59 let,CZ0715,Šumperk,CZ071,Olomoucký kraj,16860,379
2022,Z,66025059,25–59 let,CZ0721,Kroměříž,CZ072,Zlínský kraj,13500,231
2022,Z,66025059,25–59 let,CZ0722,Uherské Hradiště,CZ072,Zlínský kraj,18295,343
2022,Z,66025059,25–59 let,CZ0723,Vsetín,CZ072,Zlínský kraj,19408,525
2022,Z,66025059,25–59 let,CZ0724,Zlín,CZ072,Zlínský kraj,24419,570
2022,Z,66025059,25–59 let,CZ0801,Bruntál,CZ080,Moravskoslezský kraj,11439,467
2022,Z,66025059,25–59 let,CZ0802,Frýdek-Místek,CZ080,Moravskoslezský kraj,30413,688
2022,Z,66025059,25–59 let,CZ0803,Karviná,CZ080,Moravskoslezský kraj,31427,972
2022,Z,66025059,25–59 let,CZ0804,Nový Jičín,CZ080,Moravskoslezský kraj,20504,568
2022,Z,66025059,25–59 let,CZ0805,Opava,CZ080,Moravskoslezský kraj,25263,1137
2022,Z,66025059,25–59 let,CZ0806,Ostrava-město,CZ080,Moravskoslezský kraj,42446,1235
2023,Z,66025059,25–59 let,CZ0100,Praha,CZ010,Hlavní město Praha,183350,6286
2023,Z,66025059,25–59 let,CZ0201,Benešov,CZ020,Středočeský kraj,13886,359
2023,Z,66025059,25–59 let,CZ0202,Beroun,CZ020,Středočeský kraj,13979,406
2023,Z,66025059,25–59 let,CZ0203,Kladno,CZ020,Středočeský kraj,23412,694
2023,Z,66025059,25–59 let,CZ0204,Kolín,CZ020,Středočeský kraj,14940,392
2023,Z,66025059,25–59 let,CZ0205,Kutná Hora,CZ020,Středočeský kraj,10166,355
2023,Z,66025059,25–59 let,CZ0206,Mělník,CZ020,Středočeský kraj,15488,546
2023,Z,66025059,25–59 let,CZ0207,Mladá Boleslav,CZ020,Středočeský kraj,20241,673
2023,Z,66025059,25–59 let,CZ0208,Nymburk,CZ020,Středočeský kraj,15253,415
2023,Z,66025059,25–59 let,CZ0209,Praha-východ,CZ020,Středočeský kraj,28622,962
2023,Z,66025059,25–59 let,CZ020A,Praha-západ,CZ020,Středočeský kraj,22890,811
2023,Z,66025059,25–59 let,CZ020B,Příbram,CZ020,Středočeský kraj,16471,492
2023,Z,66025059,25–59 let,CZ020C,Rakovník,CZ020,Středočeský kraj,7890,190
2023,Z,66025059,25–59 let,CZ0311,České Budějovice,CZ031,Jihočeský kraj,30699,862
2023,Z,66025059,25–59 let,CZ0312,Český Krumlov,CZ031,Jihočeský kraj,8928,224
2023,Z,66025059,25–59 let,CZ0313,Jindřichův Hradec,CZ031,Jihočeský kraj,12677,256
2023,Z,66025059,25–59 let,CZ0314,Písek,CZ031,Jihočeský kraj,9988,319
2023,Z,66025059,25–59 let,CZ0315,Prachatice,CZ031,Jihočeský kraj,6434,183
2023,Z,66025059,25–59 let,CZ0316,Strakonice,CZ031,Jihočeský kraj,9373,236
2023,Z,66025059,25–59 let,CZ0317,Tábor,CZ031,Jihočeský kraj,14449,401
2023,Z,66025059,25–59 let,CZ0321,Domažlice,CZ032,Plzeňský kraj,8244,179
2023,Z,66025059,25–59 let,CZ0322,Klatovy,CZ032,Plzeňský kraj,11359,334
2023,Z,66025059,25–59 let,CZ0323,Plzeň-město,CZ032,Plzeňský kraj,27284,873
2023,Z,66025059,25–59 let,CZ0324,Plzeň-jih,CZ032,Plzeňský kraj,9700,310
2023,Z,66025059,25–59 let,CZ0325,Plzeň-sever,CZ032,Plzeňský kraj,11931,329
2023,Z,66025059,25–59 let,CZ0326,Rokycany,CZ032,Plzeňský kraj,6834,233
2023,Z,66025059,25–59 let,CZ0327,Tachov,CZ032,Plzeňský kraj,7157,245
2023,Z,66025059,25–59 let,CZ0411,Cheb,CZ041,Karlovarský kraj,10987,296
2023,Z,66025059,25–59 let,CZ0412,Karlovy Vary,CZ041,Karlovarský kraj,15203,380
2023,Z,66025059,25–59 let,CZ0413,Sokolov,CZ041,Karlovarský kraj,11379,367
2023,Z,66025059,25–59 let,CZ0421,Děčín,CZ042,Ústecký kraj,16323,413
2023,Z,66025059,25–59 let,CZ0422,Chomutov,CZ042,Ústecký kraj,16950,526
2023,Z,66025059,25–59 let,CZ0423,Litoměřice,CZ042,Ústecký kraj,16724,571
2023,Z,66025059,25–59 let,CZ0424,Louny,CZ042,Ústecký kraj,11301,364
2023,Z,66025059,25–59 let,CZ0425,Most,CZ042,Ústecký kraj,13565,432
2023,Z,66025059,25–59 let,CZ0426,Teplice,CZ042,Ústecký kraj,17295,556
2023,Z,66025059,25–59 let,CZ0427,Ústí nad Labem,CZ042,Ústecký kraj,16175,434
2023,Z,66025059,25–59 let,CZ0511,Česká Lípa,CZ051,Liberecký kraj,12623,323
2023,Z,66025059,25–59 let,CZ0512,Jablonec nad Nisou,CZ051,Liberecký kraj,11712,379
2023,Z,66025059,25–59 let,CZ0513,Liberec,CZ051,Liberecký kraj,23531,703
2023,Z,66025059,25–59 let,CZ0514,Semily,CZ051,Liberecký kraj,9966,295
2023,Z,66025059,25–59 let,CZ0521,Hradec Králové,CZ052,Královéhradecký kraj,22530,368
2023,Z,66025059,25–59 let,CZ0522,Jičín,CZ052,Královéhradecký kraj,11140,385
2023,Z,66025059,25–59 let,CZ0523,Náchod,CZ052,Královéhradecký kraj,14738,216
2023,Z,66025059,25–59 let,CZ0524,Rychnov nad Kněžnou,CZ052,Královéhradecký kraj,10939,159
2023,Z,66025059,25–59 let,CZ0525,Trutnov,CZ052,Královéhradecký kraj,15125,359
2023,Z,66025059,25–59 let,CZ0531,Chrudim,CZ053,Pardubický kraj,15489,331
2023,Z,66025059,25–59 let,CZ0532,Pardubice,CZ053,Pardubický kraj,25469,447
2023,Z,66025059,25–59 let,CZ0533,Svitavy,CZ053,Pardubický kraj,14369,640
2023,Z,66025059,25–59 let,CZ0534,Ústí nad Orlicí,CZ053,Pardubický kraj,18949,484
2023,Z,66025059,25–59 let,CZ0631,Havlíčkův Brod,CZ063,Vysočina,13029,290
2023,Z,66025059,25–59 let,CZ0632,Jihlava,CZ063,Vysočina,15859,594
2023,Z,66025059,25–59 let,CZ0633,Pelhřimov,CZ063,Vysočina,10337,203
2023,Z,66025059,25–59 let,CZ0634,Třebíč,CZ063,Vysočina,15211,365
2023,Z,66025059,25–59 let,CZ0635,Žďár nad Sázavou,CZ063,Vysočina,15614,759
2023,Z,66025059,25–59 let,CZ0641,Blansko,CZ064,Jihomoravský kraj,14611,478
2023,Z,66025059,25–59 let,CZ0642,Brno-město,CZ064,Jihomoravský kraj,54752,2201
2023,Z,66025059,25–59 let,CZ0643,Brno-venkov,CZ064,Jihomoravský kraj,33585,1335
2023,Z,66025059,25–59 let,CZ0644,Břeclav,CZ064,Jihomoravský kraj,16065,411
2023,Z,66025059,25–59 let,CZ0645,Hodonín,CZ064,Jihomoravský kraj,19661,622
2023,Z,66025059,25–59 let,CZ0646,Vyškov,CZ064,Jihomoravský kraj,13365,490
2023,Z,66025059,25–59 let,CZ0647,Znojmo,CZ064,Jihomoravský kraj,15328,383
2023,Z,66025059,25–59 let,CZ0711,Jeseník,CZ071,Olomoucký kraj,3686,107
2023,Z,66025059,25–59 let,CZ0712,Olomouc,CZ071,Olomoucký kraj,34541,853
2023,Z,66025059,25–59 let,CZ0713,Prostějov,CZ071,Olomoucký kraj,15829,391
2023,Z,66025059,25–59 let,CZ0714,Přerov,CZ071,Olomoucký kraj,16883,367
2023,Z,66025059,25–59 let,CZ0715,Šumperk,CZ071,Olomoucký kraj,16772,390
2023,Z,66025059,25–59 let,CZ0721,Kroměříž,CZ072,Zlínský kraj,13254,224
2023,Z,66025059,25–59 let,CZ0722,Uherské Hradiště,CZ072,Zlínský kraj,18834,275
2023,Z,66025059,25–59 let,CZ0723,Vsetín,CZ072,Zlínský kraj,19589,486
2023,Z,66025059,25–59 let,CZ0724,Zlín,CZ072,Zlínský kraj,25330,503
2023,Z,66025059,25–59 let,CZ0801,Bruntál,CZ080,Moravskoslezský kraj,11627,385
2023,Z,66025059,25–59 let,CZ0802,Frýdek-Místek,CZ080,Moravskoslezský kraj,31599,692
2023,Z,66025059,25–59 let,CZ0803,Karviná,CZ080,Moravskoslezský kraj,31431,980
2023,Z,66025059,25–59 let,CZ0804,Nový Jičín,CZ080,Moravskoslezský kraj,20789,598
2023,Z,66025059,25–59 let,CZ0805,Opava,CZ080,Moravskoslezský kraj,26502,748
2023,Z,66025059,25–59 let,CZ0806,Ostrava-město,CZ080,Moravskoslezský kraj,43548,1270
2024,Z,66025059,25–59 let,CZ0100,Praha,CZ010,Hlavní město Praha,184167,6299
2024,Z,66025059,25–59 let,CZ0201,Benešov,CZ020,Středočeský kraj,13948,350
2024,Z,66025059,25–59 let,CZ0202,Beroun,CZ020,Středočeský kraj,13942,398
2024,Z,66025059,25–59 let,CZ0203,Kladno,CZ020,Středočeský kraj,23507,639
2024,Z,66025059,25–59 let,CZ0204,Kolín,CZ020,Středočeský kraj,15043,397
2024,Z,66025059,25–59 let,CZ0205,Kutná Hora,CZ020,Středočeský kraj,10515,342
2024,Z,66025059,25–59 let,CZ0206,Mělník,CZ020,Středočeský kraj,15703,510
2024,Z,66025059,25–59 let,CZ0207,Mladá Boleslav,CZ020,Středočeský kraj,19835,761
2024,Z,66025059,25–59 let,CZ0208,Nymburk,CZ020,Středočeský kraj,15037,421
2024,Z,66025059,25–59 let,CZ0209,Praha-východ,CZ020,Středočeský kraj,29031,990
2024,Z,66025059,25–59 let,CZ020A,Praha-západ,CZ020,Středočeský kraj,22952,800
2024,Z,66025059,25–59 let,CZ020B,Příbram,CZ020,Středočeský kraj,16350,462
2024,Z,66025059,25–59 let,CZ020C,Rakovník,CZ020,Středočeský kraj,8034,175
2024,Z,66025059,25–59 let,CZ0311,České Budějovice,CZ031,Jihočeský kraj,31346,936
2024,Z,66025059,25–59 let,CZ0312,Český Krumlov,CZ031,Jihočeský kraj,8798,197
2024,Z,66025059,25–59 let,CZ0313,Jindřichův Hradec,CZ031,Jihočeský kraj,12321,308
2024,Z,66025059,25–59 let,CZ0314,Písek,CZ031,Jihočeský kraj,9907,300
2024,Z,66025059,25–59 let,CZ0315,Prachatice,CZ031,Jihočeský kraj,6415,200
2024,Z,66025059,25–59 let,CZ0316,Strakonice,CZ031,Jihočeský kraj,9392,264
2024,Z,66025059,25–59 let,CZ0317,Tábor,CZ031,Jihočeský kraj,14394,380
2024,Z,66025059,25–59 let,CZ0321,Domažlice,CZ032,Plzeňský kraj,8152,192
2024,Z,66025059,25–59 let,CZ0322,Klatovy,CZ032,Plzeňský kraj,11603,399
2024,Z,66025059,25–59 let,CZ0323,Plzeň-město,CZ032,Plzeňský kraj,27236,983
2024,Z,66025059,25–59 let,CZ0324,Plzeň-jih,CZ032,Plzeňský kraj,9834,336
2024,Z,66025059,25–59 let,CZ0325,Plzeň-sever,CZ032,Plzeňský kraj,11789,395
2024,Z,66025059,25–59 let,CZ0326,Rokycany,CZ032,Plzeňský kraj,6843,214
2024,Z,66025059,25–59 let,CZ0327,Tachov,CZ032,Plzeňský kraj,7352,265
2024,Z,66025059,25–59 let,CZ0411,Cheb,CZ041,Karlovarský kraj,10944,341
2024,Z,66025059,25–59 let,CZ0412,Karlovy Vary,CZ041,Karlovarský kraj,14825,437
2024,Z,66025059,25–59 let,CZ0413,Sokolov,CZ041,Karlovarský kraj,11331,406
2024,Z,66025059,25–59 let,CZ0421,Děčín,CZ042,Ústecký kraj,16138,433
2024,Z,66025059,25–59 let,CZ0422,Chomutov,CZ042,Ústecký kraj,16708,516
2024,Z,66025059,25–59 let,CZ0423,Litoměřice,CZ042,Ústecký kraj,16515,504
2024,Z,66025059,25–59 let,CZ0424,Louny,CZ042,Ústecký kraj,11234,351
2024,Z,66025059,25–59 let,CZ0425,Most,CZ042,Ústecký kraj,13150,432
2024,Z,66025059,25–59 let,CZ0426,Teplice,CZ042,Ústecký kraj,17020,447
2024,Z,66025059,25–59 let,CZ0427,Ústí nad Labem,CZ042,Ústecký kraj,16286,454
2024,Z,66025059,25–59 let,CZ0511,Česká Lípa,CZ051,Liberecký kraj,12507,322
2024,Z,66025059,25–59 let,CZ0512,Jablonec nad Nisou,CZ051,Liberecký kraj,11856,354
2024,Z,66025059,25–59 let,CZ0513,Liberec,CZ051,Liberecký kraj,23748,596
2024,Z,66025059,25–59 let,CZ0514,Semily,CZ051,Liberecký kraj,9936,307
2024,Z,66025059,25–59 let,CZ0521,Hradec Králové,CZ052,Královéhradecký kraj,22758,433
2024,Z,66025059,25–59 let,CZ0522,Jičín,CZ052,Královéhradecký kraj,11172,393
2024,Z,66025059,25–59 let,CZ0523,Náchod,CZ052,Královéhradecký kraj,14532,272
2024,Z,66025059,25–59 let,CZ0524,Rychnov nad Kněžnou,CZ052,Královéhradecký kraj,10912,247
2024,Z,66025059,25–59 let,CZ0525,Trutnov,CZ052,Královéhradecký kraj,15129,373
2024,Z,66025059,25–59 let,CZ0531,Chrudim,CZ053,Pardubický kraj,15057,420
2024,Z,66025059,25–59 let,CZ0532,Pardubice,CZ053,Pardubický kraj,25693,580
2024,Z,66025059,25–59 let,CZ0533,Svitavy,CZ053,Pardubický kraj,13866,933
2024,Z,66025059,25–59 let,CZ0534,Ústí nad Orlicí,CZ053,Pardubický kraj,18970,783
2024,Z,66025059,25–59 let,CZ0631,Havlíčkův Brod,CZ063,Vysočina,12960,280
2024,Z,66025059,25–59 let,CZ0632,Jihlava,CZ063,Vysočina,16034,492
2024,Z,66025059,25–59 let,CZ0633,Pelhřimov,CZ063,Vysočina,10555,273
2024,Z,66025059,25–59 let,CZ0634,Třebíč,CZ063,Vysočina,15114,351
2024,Z,66025059,25–59 let,CZ0635,Žďár nad Sázavou,CZ063,Vysočina,16133,543
2024,Z,66025059,25–59 let,CZ0641,Blansko,CZ064,Jihomoravský kraj,14906,523
2024,Z,66025059,25–59 let,CZ0642,Brno-město,CZ064,Jihomoravský kraj,55782,1809
2024,Z,66025059,25–59 let,CZ0643,Brno-venkov,CZ064,Jihomoravský kraj,33859,1112
2024,Z,66025059,25–59 let,CZ0644,Břeclav,CZ064,Jihomoravský kraj,15936,303
2024,Z,66025059,25–59 let,CZ0645,Hodonín,CZ064,Jihomoravský kraj,19662,478
2024,Z,66025059,25–59 let,CZ0646,Vyškov,CZ064,Jihomoravský kraj,13186,421
2024,Z,66025059,25–59 let,CZ0647,Znojmo,CZ064,Jihomoravský kraj,15312,388
2024,Z,66025059,25–59 let,CZ0711,Jeseník,CZ071,Olomoucký kraj,3458,94
2024,Z,66025059,25–59 let,CZ0712,Olomouc,CZ071,Olomoucký kraj,34550,765
2024,Z,66025059,25–59 let,CZ0713,Prostějov,CZ071,Olomoucký kraj,15433,370
2024,Z,66025059,25–59 let,CZ0714,Přerov,CZ071,Olomoucký kraj,16446,356
2024,Z,66025059,25–59 let,CZ0715,Šumperk,CZ071,Olomoucký kraj,16870,296
2024,Z,66025059,25–59 let,CZ0721,Kroměříž,CZ072,Zlínský kraj,13224,224
2024,Z,66025059,25–59 let,CZ0722,Uherské Hradiště,CZ072,Zlínský kraj,18438,245
2024,Z,66025059,25–59 let,CZ0723,Vsetín,CZ072,Zlínský kraj,19519,479
2024,Z,66025059,25–59 let,CZ0724,Zlín,CZ072,Zlínský kraj,25341,535
2024,Z,66025059,25–59 let,CZ0801,Bruntál,CZ080,Moravskoslezský kraj,11333,399
2024,Z,66025059,25–59 let,CZ0802,Frýdek-Místek,CZ080,Moravskoslezský kraj,31148,696
2024,Z,66025059,25–59 let,CZ0803,Karviná,CZ080,Moravskoslezský kraj,31289,934
2024,Z,66025059,25–59 let,CZ0804,Nový Jičín,CZ080,Moravskoslezský kraj,20889,600
2024,Z,66025059,25–59 let,CZ0805,Opava,CZ080,Moravskoslezský kraj,26638,695
2024,Z,66025059,25–59 let,CZ0806,Ostrava-město,CZ080,Moravskoslezský kraj,43129,1378
